INSERT INTO `user` (`id`, `email`, `username`, `vpisna_st`, `ime`, `priimek`, `password`, `datum_logina`, `enabled`, `confirmation`, `mesto`, `drzava`, `opis`, `splet`, `telefon`, `naslov`) VALUES
(1, 'admin@borkovic.com', 'admin', 'E000000', 'Admin', 'Borkovič', '$2y$14$RFN75HJ0rK4V4fAJ5jnrdeXZsiLrHAdBCuhmQY.P4dGmBDSaYZvBi', '2013-05-21 20:36:57', 1, NULL, NULL, NULL, 'To je neki dolgi opis, kao', NULL, NULL, 'To je cesta 9'),
(2, 'moderator@borkovic.com', 'moderator', 'E000001', 'Moderator', 'Borkovich', '$2y$14$RFN75HJ0rK4V4fAJ5jnrdeXZsiLrHAdBCuhmQY.P4dGmBDSaYZvBi', '2013-05-21 20:50:40', 1, NULL, NULL, 'Slovenija', NULL, NULL, '040932921', NULL),
(3, 'student@borkovic.com', 'student', 'E000002', 'Študent', 'Borkovichevich', '$2y$14$RFN75HJ0rK4V4fAJ5jnrdeXZsiLrHAdBCuhmQY.P4dGmBDSaYZvBi', '2013-05-21 20:49:25', 1, NULL, 'Maribor', NULL, NULL, 'www.kreten.si', NULL, NULL);
 
INSERT INTO `rbac_permission` (`id`, `name`) VALUES
(1, 'vprasanje_index'),
(2, 'vprasanje_pregled'),
(3, 'vprasanje_dodaj'),
(4, 'vprasanje_uredi'),
(5, 'vprasanje_brisi'),
(6, 'odgovor_dodaj'),
(7, 'user_uredi'),
(8, 'datoteke_index'),
(9, 'datoteke_pregled'),
(10, 'datoteke_dodaj'),
(11, 'datoteke_uredi'),
(12, 'datoteke_brisi'),
(13, 'datoteke_moje'),
(14, 'datoteke_download'),
(15, 'deska_dodaj'),
(16, 'user_pregled'),
(17, 'odgovor_uredi'),
(18, 'odgovor_brisi'),
(19, 'novica_index'),
(20, 'novica_pregled'),
(21, 'novica_dodaj'),
(22, 'novica_uredi'),
(23, 'novica_brisi'),
(24, 'kategorije_dodaj'),
(25, 'kategorije_pregled'),
(26, 'vprasanje_vote'),
(27, 'odgovor_vote'),
(28, 'user_dodaj'),
(31, 'kategorije_uredi'),
(32, 'kategorije_brisi'),
(33, 'deska_uredi'),
(34, 'deska_brisi'),
(35, 'deska_pregled'),
(36, 'deska_index'),
(37, 'vprasanje_update');
 
INSERT INTO `rbac_role` (`id`, `parent_role_id`, `name`) VALUES
(1, NULL, 'admin'),
(2, 1, 'moderator'),
(3, 2, 'student'),
(4, 3, 'anonymous');
 
INSERT INTO `rbac_role_permission` (`id`, `role_id`, `permission_id`) VALUES
(1, 4, 1),
(2, 4, 2),
(3, 3, 3),
(4, 2, 4),
(5, 2, 5),
(6, 3, 6),
(7, 1, 7),
(8, 4, 8),
(9, 4, 9),
(10, 3, 10),
(11, 2, 11),
(12, 2, 12),
(13, 3, 13),
(14, 3, 14),
(15, 2, 15),
(16, 2, 16),
(17, 2, 17),
(18, 2, 18),
(19, 4, 19),
(20, 4, 20),
(21, 2, 21),
(22, 2, 22),
(23, 2, 23),
(24, 2, 24),
(25, 2, 25),
(26, 3, 26),
(27, 3, 27),
(28, 1, 28),
(31, 1, 31),
(32, 1, 32),
(33, 2, 33),
(34, 2, 34),
(35, 4, 35),
(36, 4, 36),
(37, 1, 37);
 
INSERT INTO `rbac_user_roles` (`user_id`, `role_id`) VALUES
(1, 1),
(2, 2),
(3, 3);

INSERT INTO `mape` (`id`, `ime`, `pot`) VALUES
(1, 'Vsi', 'map/ALL.png'),
(2, 'A-klet', 'map/A.png'),
(3, 'B-prtlicje', 'map/B.png'),
(4, 'C-objekt', 'map/C.png'),
(5, 'D-1nadstropje', 'map/D.png'),
(6, 'E-prtlicje', 'map/E.png'),
(7, 'F-prtlicje', 'map/F.png'),
(8, 'F-1nadstropje', 'map/1F.png'),
(9, 'G1-1medetaza', 'map/G1-1M.png'),
(10, 'G1-1nadstropje', 'map/G1-1N.png'),
(11, 'G1-2medetaza', 'map/G1-2M.png'),
(12, 'G1-2nadstropje', 'map/G1-2N.png'),
(13, 'G1-klet', 'map/G1-K.png'),
(14, 'G1-mansarda', 'map/G1-Man.png'),
(15, 'G1-prtlicje', 'map/G1-P.png'),
(16, 'G2-1nadstropje', 'map/G2-1N.png'),
(17, 'G2-2nadstropje', 'map/G2-2N.png'),
(18, 'G2-3nadstropje', 'map/G2-3N.png'),
(19, 'G2-4nadstropje', 'map/G2-4N.png'),
(20, 'G2-medetaza', 'map/G2-M.png'),
(21, 'G2-prtlicje', 'map/G2-P.png');

INSERT INTO `ucilnice` (`mapa_id`, `ime`, `left`, `top`) VALUES
(2, 'A-001', 612, 214),
(2, 'A-002', 475, 212),
(2, 'A-003', 409, 196),
(2, 'A-004', 345, 217),
(2, 'A-008', 92, 206),
(2, 'A-009', 196, 119),
(2, 'A-010', 322, 124),
(2, 'A-011', 426, 122),
(2, 'A-012', 513, 122),
(3, 'B-101', 185, 367),
(3, 'B-102', 255, 373),
(3, 'B-103', 327, 373),
(3, 'B-104', 450, 372),
(3, 'B-105', 508, 365),
(3, 'B-106', 597, 402),
(3, 'B-107', 661, 412),
(3, 'B-108', 572, 216),
(3, 'B-109', 424, 216),
(3, 'B-110', 329, 248),
(3, 'B-111', 64, 173),
(4, 'C-201', 240, 336),
(4, 'C-202', 254, 143),
(4, 'C-202-1', 287, 205),
(4, 'C-203A', 238, 71),
(4, 'C-203', 161, 83),
(4, 'C-203D', 51, 70),
(4, 'C-203C', 51, 117),
(4, 'C-204', 51, 160),
(4, 'C-205', 51, 212),
(4, 'C-205-1', 51, 289),
(4, 'C-206', 51, 331),
(4, 'C-207', 51, 383),
(4, 'C-209', 161, 418),
(5, 'D-201', 123, 340),
(5, 'D-202', 167, 342),
(5, 'D-202-1', 216, 343),
(5, 'D-203', 261, 342),
(5, 'D-204', 356, 342),
(5, 'D-205', 452, 342),
(5, 'D-206', 497, 342),
(5, 'D-207', 543, 342),
(5, 'D-209', 445, 239),
(5, 'D-210', 276, 170),
(5, 'D-211', 298, 238),
(5, 'D-212', 160, 203),
(6, 'E-103', 507, 269),
(6, 'E-104', 340, 270),
(6, 'E-105', 173, 382),
(6, 'E-106', 246, 517),
(6, 'E-110', 797, 470),
(6, 'E-111', 903, 466),
(6, 'E-112', 959, 454),
(7, 'F-101', 600, 521),
(7, 'F-102', 545, 521 ),
(7, 'F-103', 406, 521),
(7, 'F-103-1', 265, 521),
(8, 'F-201', 510, 185),
(8, 'F-202', 515, 112),
(8, 'F-203', 511, 21),
(8, 'F-204', 435, 0),
(8, 'F-205', 425, 48 ),
(8, 'F-206', 425, 90),
(8, 'F-207', 425, 126),
(8, 'F-208', 425, 162),
(8, 'F-209', 425, 194),
(8, 'F-210', 425, 230),
(9, 'G1-1101', 352, 275),
(9, 'G1-1102', 294, 275),
(9, 'G1-1103', 234, 275),
(9, 'G1-1104', 173, 275),
(9, 'G1-1105', 106, 275),
(9, 'G1-1106', 50, 275),
(10, 'G1-201', 371, 414),
(10, 'G1-202', 298, 414),
(10, 'G1-203', 232, 414),
(10, 'G1-219', 368, 287),
(10, 'G1-218', 296, 287),
(10, 'G1-217', 214, 287),
(10, 'G1-216', 124, 287),
(10, 'G1-215', 43, 287),
(11, 'G1-2101', 357, 280),
(11, 'G1-2102', 296, 280),
(11, 'G1-2103', 231, 280),
(11, 'G1-2104', 171, 280),
(11, 'G1-2105', 110, 280),
(11, 'G1-2106', 50, 280),
(12, 'G1-301', 586, 284),
(12, 'G1-302', 467, 284),
(12, 'G1-303', 353, 284),
(12, 'G1-305', 250, 374),
(12, 'G1-306', 202, 374),
(12, 'G1-307', 156, 374),
(12, 'G1-308', 111, 374),
(12, 'G1-309', 59, 374),
(12, 'G1-310', 16, 374),
(12, 'G1-326', 41, 114),
(12, 'G1-327', 205, 114),
(12, 'G1-328', 327, 114),
(12, 'G1-329', 461, 114),
(12, 'G1-330', 587, 114),
(13, 'G1-001', 76, 345),
(13, 'G1-002', 76, 264),
(13, 'G1-003', 76, 215),
(13, 'G1-004', 44, 134),
(13, 'G1-005', 98, 70),
(13, 'G1-006', 98, 44),
(13, 'G1-007', 52, 71),
(13, 'G1-008', 34, 44),
(13, 'G1-009', 34, 21),
(13, 'G1-027', 187, 54),
(13, 'G1-028', 187, 129),
(13, 'G1-029', 187, 199),
(13, 'G1-030', 187, 273),
(13, 'G1-031', 187, 344),
(14, 'G1-401', 553, 340),
(14, 'G1-402', 489, 340),
(14, 'G1-403', 430, 340),
(14, 'G1-404', 364, 340),
(14, 'G1-405', 298, 340),
(14, 'G1-406', 231, 340),
(14, 'G1-407', 159, 340),
(14, 'G1-408', 89, 340),
(14, 'G1-409', 95, 240),
(14, 'G1-410', 63, 207),
(14, 'G1-411', 80, 80),
(14, 'G1-412', 290, 100),
(14, 'G1-413', 480, 100),
(14, 'G1-414', 375, 220),
(15, 'G1-101', 70, 336),
(15, 'G1-102', 70, 262),
(15, 'G1-103', 70, 213),
(15, 'G1-104', 44, 126),
(15, 'G1-105', 30, 46),
(15, 'G1-124', 187, 62),
(15, 'G1-125', 187, 200 ),
(15, 'G1-126', 187, 270),
(15, 'G1-127', 187, 340),
(16, 'G2-1N-Ohm', 725, 75),
(16, 'G2-1N-Amper', 270, 400),
(16, 'G2-1N-Pascal', 384, 394),
(16, 'G2-1N-Newton', 516, 391),
(17, 'G2-P3-Gama', 48, 168),
(17, 'G2-P4-Delta', 48, 343),
(17, 'G2-2N-Hertz', 730, 69),
(17, 'G2-2N-Farad', 266, 402),
(17, 'G2-2N-Weber', 374, 402),
(17, 'G2-2N-Tesla', 511, 402),
(18, 'G2-3N-Henry', 262, 401),
(18, 'G2-3N-Becquerel', 373, 401),
(18, 'G2-3N-Lumen', 507, 401),
(21, 'G2-P01', 486, 78),
(21, 'G2-P02', 339, 78),
(21, 'G2-P03', 234, 78),
(21, 'G2-P04', 505, 398 ),
(21, 'G2-P05', 375, 398),
(21, 'G2-P06', 265, 398),
(21, 'G2-P1-Alfa', 46, 185),
(21, 'G2-P2-Beta', 35, 354);


INSERT INTO `objava` (`id`, `user_id`, `kategorija_id`, `naslov`, `vsebina`, `datum_objave`, `tip`) VALUES
(1, 1, NULL, 'ČESTITAMO - Najboljši študent UM je Iztok Fister', '<p>Univerza v Mariboru je v sodelovanju z Elektrom Maribor d. d. izvedla razpis za izbor najbolj&scaron;ega &scaron;tudenta Univerze v Mariboru.&nbsp;<br /><br />Izmed 25-ih odličnih &scaron;tudentov je komisija, ki so jo sestavljali prof. dr. Zoran Ren (Fakulteta za strojni&scaron;tvo UM), prof. dr. Mihaela Koletnik (Filozofska fakulteta UM), Nika Sajko (oddelek za izobraževanje Univerze v Mariboru) ter &scaron;tudentki Tea Markotić in Eva Senica, za naj &scaron;tudenta izbrala:&nbsp;<br /><strong><br />Iztoka Fisterja,</strong>&nbsp;&scaron;tudenta&nbsp;2. letnika magistrskega &scaron;tudijskega programa Računalni&scaron;tvo in informacijske tehnologije Fakultete za elektrotehniko, računalni&scaron;tvo in informatiko, ki trenutno pripravlja magistrsko nalogo &raquo;A comprehensive review of bat algorithms and their hybridization&laquo;, pod mentorstvom dr. Marjana Mernika ter somentorstvom profesorja iz Velike Britanije. Kako velik interes in veselje ima do raziskovalnega dela, kaže njegova bibliografija, ki trenutno obsega 15 enot. Med njimi je 8 izvirnih znanstvenih člankov, od tega so 3 dela objavljena v JRC revijah, in 5 konferenčnih člankov. Za svoje raziskovalno delo je prejel že vrsto nagrad &ndash; zmaga na konferenci ERK 2010 za najbolj&scaron;i prispevek, nagrada FERI 2010 za posebne dosežke, Perlachova nagrada 2011 za najbolj&scaron;o diplomo.</p>\r\n<p>&nbsp;</p>\r\n<p>Več informacij:<br /><span style="font-family: Arial;"><a style="color: #1c4980;" href="http://www.um.si/univerza/medijsko-sredisce/novice/Strani/novice.aspx?p=311">http://www.um.si/univerza/medijsko-sredisce/novice/Strani/novice.aspx?p=311</a></span></p>', '2013-06-19 12:16:47', 'novica'),
(2, 1, NULL, 'Objavljamo razpis za vpis v podiplomske študijske programe v študijskem letu 2013/2014', '<p><span style="font-family: tahoma, verdana, sans-serif; font-size: 12px; line-height: 16.796875px; text-align: justify;">31. 5. 2013 je bil na&nbsp;podlagi 40. člena Zakona o visokem &scaron;olstvu (Ur l. RS, &scaron;t. 32/2012), Pravilnika o razpisu za vpis in izvedbi vpisa v visokem &scaron;olstvu, sklepa Senata Univerze v Mariboru in pridobljenega soglasja Vlade Republike Slovenije objavljen&nbsp;RAZPIS ZA VPIS V PODIPLOMSKE &Scaron;TUDIJSKE PROGRAME V &Scaron;TUDIJSKEM LETU 2013/2014</span><br style="font-family: tahoma, verdana, sans-serif; font-size: 12px; line-height: 16.796875px; text-align: justify;" /><span style="font-family: tahoma, verdana, sans-serif; font-size: 12px; line-height: 16.796875px; text-align: justify;">&nbsp;</span><br style="font-family: tahoma, verdana, sans-serif; font-size: 12px; line-height: 16.796875px; text-align: justify;" /><span style="font-family: tahoma, verdana, sans-serif; font-size: 12px; line-height: 16.796875px; text-align: justify;">Več informacij najdete na spletni strani:&nbsp;</span><a style="color: #1c4980; font-family: tahoma, verdana, sans-serif; font-size: 12px; line-height: 16.796875px; text-align: justify;" href="http://www.feri.uni-mb.si/podrocje.aspx?id=496"><span style="font-family: Arial;">http://www.feri.uni-mb.si/podrocje.aspx?id=496</span></a></p>', '2013-06-19 12:17:23', 'novica'),
(3, 1, NULL, 'Čestitamo ekipi DORA!', '<p><strong style="font-family: tahoma, verdana, sans-serif; font-size: 12px; line-height: 16.796875px; text-align: justify;">V okviru konference Dnevi slovenske informatike je potekalo tudi tekmovanje za najbolj&scaron;i &scaron;tudentski projekt na področju informatike v letu 2013. Tričlanska komisija je za zmagovalca izbrala ekipo DORA (Doctor&rsquo;s operational research assistant). Ekipa DORA se je s svojo re&scaron;itvijo predstavila tudi na &scaron;tudentskem tekmovanju Imagine Cup 2013, kjer je zmagala v kategoriji Inovacije.&nbsp;<br /><br /><strong>DORA (Interaktiven zdravnikov asistent za zadovoljne bolnike in &scaron;e uspe&scaron;nej&scaron;e zdravnike)</strong>&nbsp;<br /><img src="http://www.feri.uni-mb.si/images/dogodki/DORATeamDSI.jpg" alt="" width="580" height="326" /><br /><br />Cilj vsake zdravstvene ustanove je optimizirati čas trajanja operacijskega posega in povečati njegovo kakovost. DORA je interaktiven zdravnikov asistent, ki omogoča edinstven prikaz informacij o bolniku pred in med operacijskimi posegi. Je produkt znanja stroke, sodobnih informacijsko komunikacijskih tehnologij ter napredne strojne opreme, ki s preprosto uporabo brezkontaktne interakcije kraj&scaron;a čas trajanja posegov ter s tem neposredno vpliva na dolžino čakalnih dob.&nbsp;<br /><br />Člani ekipe:&nbsp;<br />Bo&scaron;tjan Arzen&scaron;ek, Fakulteta za elektrotehniko, računalni&scaron;tvo in informatiko, Univerza v Mariboru.&nbsp;<br />Andraž Leitgeb, Fakulteta za elektrotehniko, računalni&scaron;tvo in informatiko, Univerza v Mariboru.&nbsp;<br />Zedin Salkanović, Fakulteta za elektrotehniko, računalni&scaron;tvo in informatiko, Univerza v Mariboru.&nbsp;<br /><br />Mentor:&nbsp;<br />Kristjan Ko&scaron;ič, Fakulteta za elektrotehniko, računalni&scaron;tvo in informatiko, Univerza v Mariboru.&nbsp;<br /><br />Zunanji sodelavec:<br />Matej Vogrinčič, Univerzitetni klinični center Maribor.&nbsp;<br /><br />Viri:&nbsp;<a style="color: #1c4980;" href="http://www.dsi2013.si/default.aspx?id=69&amp;l1=21">http://www.dsi2013.si/default.aspx?id=69&amp;l1=21</a>&nbsp;&nbsp;<br />Povezave:&nbsp;<a style="color: #1c4980;" href="http://www.dora-project.info/">http://www.dora-project.info</a>&nbsp;,&nbsp;<a style="color: #1c4980;" href="http://www.facebook.com/DoraProject">http://www.facebook.com/DoraProject</a>&nbsp;</strong></p>', '2013-06-19 12:18:35', 'novica'),
(4, 1, 1, 'Družovec Marjan - govorilne ure 26.6.2013', '<p><span style="font-family: tahoma, verdana, sans-serif; font-size: 12px; line-height: 16.796875px; text-align: justify;">V sredo 26.6.2013 bodo govorilne ure med 8:00 in 10:00.&nbsp;</span><br style="font-family: tahoma, verdana, sans-serif; font-size: 12px; line-height: 16.796875px; text-align: justify;" /><br style="font-family: tahoma, verdana, sans-serif; font-size: 12px; line-height: 16.796875px; text-align: justify;" /><span style="font-family: tahoma, verdana, sans-serif; font-size: 12px; line-height: 16.796875px; text-align: justify;">Hvala za razumevanje</span><br style="font-family: tahoma, verdana, sans-serif; font-size: 12px; line-height: 16.796875px; text-align: justify;" /><span style="font-family: tahoma, verdana, sans-serif; font-size: 12px; line-height: 16.796875px; text-align: justify;">Družovec Marjan</span></p>', '2013-06-19 12:22:48', 'oglas'),
(5, 1, 837, '	3.letnik,VS | IZREDNI ŠTUDIJ - Razvoj aplikacij za internet - VAJE', '<p><span style="font-family: tahoma, verdana, sans-serif; font-size: 12px; line-height: 16.796875px; text-align: justify;">&Scaron;tudente izrednega &scaron;tudija obve&scaron;čamo, da bodo vaje pri predmetu Razvoj aplikacij za internet (3.letnik,VS | IZREDNI &Scaron;TUDIJ) potekale v soboto, 22.06.2013 ob 08:00 v učilnici C-202.</span></p>', '2013-06-19 12:23:30', 'oglas'),
(6, 1, 837, '2.letnik,VS - Razvoj aplikacij za internet - VMESNI IZPIT III', '<p><span style="font-family: tahoma, verdana, sans-serif; font-size: 12px; line-height: 16.796875px; text-align: justify;">&Scaron;tudente obve&scaron;čamo, da bodo&nbsp;</span><strong style="font-family: tahoma, verdana, sans-serif; font-size: 12px; line-height: 16.796875px; text-align: justify;">III. vmesni izpiti</strong><span style="font-family: tahoma, verdana, sans-serif; font-size: 12px; line-height: 16.796875px; text-align: justify;">&nbsp;pri predmetu</span><strong style="font-family: tahoma, verdana, sans-serif; font-size: 12px; line-height: 16.796875px; text-align: justify;">&nbsp;Razvoj aplikacij za internet</strong><span style="font-family: tahoma, verdana, sans-serif; font-size: 12px; line-height: 16.796875px; text-align: justify;">&nbsp;(2.letnik,VS, REDNI) potekali v&nbsp;</span><strong style="font-family: tahoma, verdana, sans-serif; font-size: 12px; line-height: 16.796875px; text-align: justify;">ponedeljek</strong><span style="font-family: tahoma, verdana, sans-serif; font-size: 12px; line-height: 16.796875px; text-align: justify;">,&nbsp;</span><strong style="font-family: tahoma, verdana, sans-serif; font-size: 12px; line-height: 16.796875px; text-align: justify;">24.06.2013</strong><span style="font-family: tahoma, verdana, sans-serif; font-size: 12px; line-height: 16.796875px; text-align: justify;">&nbsp;ob&nbsp;</span><strong style="font-family: tahoma, verdana, sans-serif; font-size: 12px; line-height: 16.796875px; text-align: justify;">10:00</strong><span style="font-family: tahoma, verdana, sans-serif; font-size: 12px; line-height: 16.796875px; text-align: justify;">&nbsp;v učilnicah</span><strong style="font-family: tahoma, verdana, sans-serif; font-size: 12px; line-height: 16.796875px; text-align: justify;">&nbsp;F-103/F-104</strong><span style="font-family: tahoma, verdana, sans-serif; font-size: 12px; line-height: 16.796875px; text-align: justify;">.&nbsp;</span><br style="font-family: tahoma, verdana, sans-serif; font-size: 12px; line-height: 16.796875px; text-align: justify;" /><span style="font-family: tahoma, verdana, sans-serif; font-size: 12px; line-height: 16.796875px; text-align: justify;">Po zaključku izvajanja III. vmesnega izpita bo možno tudi popravljati&nbsp;</span><span style="font-family: tahoma, verdana, sans-serif; font-size: 12px; line-height: 16.796875px; text-align: justify; text-decoration: underline;"><strong>enega izmed vmesnih izpitov</strong></span><span style="font-family: tahoma, verdana, sans-serif; font-size: 12px; line-height: 16.796875px; text-align: justify;">.</span></p>', '2013-06-19 12:24:15', 'oglas'),
(7, 1, NULL, 'Programiranje how to', '<p>Vpra&scaron;anje za 3. nalogo pri predmetu...</p>\r\n<p><br />Kako se napi&scaron;e...<br /><br /><br />Hvala za odgovore.</p>', '2013-06-19 12:25:07', 'vprasanje'),
(8, 1, NULL, 'K4 na poti komercializacije?', '<strong>Začelo se je z zamenjavo vodstva.</strong><br/>Zamenjava vodstva <strong>Zavoda K6/4</strong>, katerega del je poleg <strong>Kiberpipe</strong>, kavarne <strong>Metropol</strong> in galerije <strong>Kapelica</strong> tudi klub<strong> K4</strong>, se je sicer začelo že lansko leto, ko je ljubljanski ŠOU prvič poskušal zamenjati direktorja, a mu to ni uspelo, saj nobeden izmed kandidatov ni pridobil zahtevane količine glasov sveta. Dokončno izvedeni drugi krog volitev se je zato zgodil marca letošnjega leta, ko je bil z večino za novega direktorja Zavoda izbran <strong>Aleš Logar</strong>. Kot novi direktor je na tem mestu zamenjal <strong>Miloša Krajnca</strong>.<br/>Po navedbah slednjega v odprtem pismu javnosti naj bi Logar po hitrem postopku s kadrovskim cunamijem na ključna mesta nove ekipe postavil svoje prijatelje. Navaja tudi, da naj bi bila večina vključena v študentsko organizacijo <strong>Povezani</strong>, ki naj bi bila tudi odgovorna za <strong>Logarjevo umestitev</strong> na direktorski stolček. Obtoženi navedbe zavrača.<br/><strong>Zaprtje K4</strong><br/>Novo vodstvo se je po umestitvi odločilo, da<strong> klub K4</strong> do nadaljnega zapre zaradi ugotovljenih nepravilnosti, nejasnosti v dosedanjem poslovanju in na novo ugotovljenem slabem finančnem stanju ter nepripravljenosti dosedanje ekipe na dogovor o sodelovanju. Tudi ob to se <strong>Krajnc</strong> v svojem pismu obregne, saj naj bi bil<strong> Logar</strong> v prvem razpisu za direktorja celo povabljen na pregled finančnega stanja, vendar je povabilo zavrnil. Prav tako je bil<strong> Zavod K6/4</strong> dolžan letno poročati ŠOU v Ljubljani trenutno stanje financ, zato nastali primanjkljaj, katerega je Logar ocenil na skorajda pol milijona evrov nikakor ne bi smel biti nov podatek. Če ne drugega je bivši direktor na ljubljanski ŠOU celo apeliral prošnjo za pomoč sanacije nastalega stanja, vendar mu potrebnega denarja niso odobrili. Ob nestrinjanju stare ekipe z že omenjenim kadrovskim cunamijem tako zaprtje kluba sploh ni presenetljivo.<br/><strong>Polemike okoli novega programa in ljudska iniciativa</strong><br/>Ljudska iniciativa se je še pred zaprtjem kluba organizirala in poleg peticije, katero je podpisalo čez 2000 ljudi organiziralo tudi 1. klubsko vstajo, na katero je prišlo okoli 150 ljudi. V peticiji so zapisali, da se zavzemajo za ohranitev kluba K4 kot prostora progresivne in neodvisne kulturne ter glasbene produkcije, ohranitev Zavoda K6/4 kot neprofitne, odprte, urbane platforme za vse vrste umetnosti, odstop novega vodstva Zavoda K6/4 in ustanovne ter vodstvene spremembe v delovanju Zavoda.<br/>Morda bi bilo vse pozabljeno a v tednih po zaprtju kluba je novo vodstvo predstavilo nov program za klub K4 in njemu sorodne projekte. Le teh programi se niso spremenili, klub K4 pa je doživel močan preskok v polkomercialno glasbo. To je privedlo do še večjega ogorčenja, ne samo s strani javnosti, temveč tudi s strani sodelujoči DJ ekip. Večina jih namreč ali ni bila pripravljena sodelovati zaradi novega programa in vizije ali pa k sodelovanju sploh niso bile povabljeni, kljub zagotovilom novega direktorja, da K4 ne bo postal novi Cirkus, saj je njegova vloga na alternativni kulturni sceni prevelika.<br/><strong>Sanacija nastalih razmer</strong><br/>Po besedah <strong>Logarja</strong> je naročena zunanja revizija Zavoda, prav tako se izvaja krizni management. <strong>Kavarna Metropol</strong> zaradi premajhnega profita ne bo več del <strong>Zavoda K6/4</strong> in naj bi se spremenila v t.i. študentsko menzo. Pogovori potekajo tudi o odprtju <strong>hotela </strong>na Kersnikovi 4, v katerega naj bi ŠOU vložil zajetnih <strong>500 tisočakov</strong>, obetal pa si <strong>letni promet</strong> v višini<strong> 80.000 evrov</strong>. ŠOU v Ljubljani je Zavodu <strong>odpisal 73.000 dolga</strong>, za kar jih je prosil že <strong>Krajnc</strong>, hkrati pa znižal najemnino za prostore do septembra letošnjega leta za 60%. Zavod naj bi ob vseh ukrepih in pomoči ŠOUa, ki mu je namenil <strong>50.000 evrov</strong> za sanacijo in <strong>110.000 evrov</strong> za redno dejavnost, preživel.<br/><strong>Kdo je kriv?</strong><br/>Vprašanje ostaja, kdo je torej krivec, ki je <strong>K4</strong> postavil na rob obstoja in s tem ogrozil tudi celotni, za njim stoječi Zavod. Nekateri, vključno s ŠOU, to pripisujejo nekomercializiranosti samega kluba, ki zaradi svoje alternativnosti pač privlači omejen krog obiskovalcev. <strong>Galerija Kapelica</strong> je namreč sposobna preživeti sama, <strong>Kiberpipa</strong> prav tako. Kot kaže naj bi se kultura zopet morala umakniti ekonomiji, ker to od nas pač zahteva čas. Vprašanje pa je, ali od nas zahteva čas tudi to, da je ljubljanski ŠOU namerno Zavodu skozi leta zmanjševala svojo pomoč, čeravno naj bi na letni bazi zagotovil vsaj stroške »hladnega pogona«. Med leti 2004 in 2007 naj bi se tako zmanjšalo financiranje Zavoda za 170.000 evrov, kavarni Metropol se je začela zaračunavati kom', '2013-06-19 12:33:19', 'dodatna_novica'),
(9, 1, NULL, 'Dobili smo prvake Univerze v Mariboru', 'Tokrat se je finalni turnir odvijal v dvorani UŠC. Že zjutraj so s tekmami pričeli igralci v posamičnih športih. Na turnirju v badmintonu je slavil <strong>Primož Makuc</strong>, ki je že na prvih dveh turnirjih osvojil prvo oziroma drugo mesto. Na drugo mesto se je uvrstil <strong>Mitja Verdnik</strong>, ki je osvojil drugi turnir, tretje mesto pa je presenetljivo zasedel <strong>Tadej Medved</strong>, ki se je le za las uvrstil v finale. Prvakinja v namiznem tenisu je zasluženo postala <strong>Manca Fajmut</strong>, ki je osvojila najvišje mesto tudi na obeh predfinalnih turnirjih. Drugo mesto je zasedla <strong>Staša Matis</strong>, ki je prav tako zasedla drugo mesto v obeh predtekmovalnih turnirjih. Borba za tretje mesto je bila bolj napeta, na koncu pa je <strong>Katarina Rebernjak</strong> pokazala najboljšo formo in premagala preostale tekmice. V moški konkurenci je na finalnem turnirju manjkal glavni favorit. Prvak Univerze je na koncu postal <strong>Mitja Verdnik</strong>, ki se prvega turnirja sploh ni udeležil, na drugem pa je zasedel 4. mesto. Drugi je bil <strong>David Peteršinek</strong>, ki je na obeh predturnirjih osvojil 2. mesto, tretje mesto pa je zasedel <strong>Anže Šimic</strong>, ki ni uspel ubraniti dveh drugih mest iz predtekmovalnih turnirjev.<br/>Naslednje so bile na vrsti tekme za 3. mesto v skupinskih športih. Igralke so se pomerile v odbojki, moški pa so se poleg odbojke borili še v košarki in nogometu. Tekmo za 3. mesto so prepričljivo osvojile odbojkarice Fakultete za gradbeništvo, ki so premagale študentke iz celjske Fakultete za logistiko. Tekma za tretje uvrščnega v moški konkurenci je bila bolj napeta, saj so se igralci Fakultete za kmetijstvo in biosistemske vede zelo približali ekipi Ekonomsko-poslovne fakultete, vendar jim na koncu ni uspelo zasesti stopničk v odbojkarski konkurenci. Tekma v košarki je minila brez večjih preobratov, z 10 točkami razlike so bili igralci EPF boljši od ekipe Fakultete za gradbeništvo. Na tekmi za 3. mesto v nogometu žoga kar ni hotela v gol. Šele po penalih so z 4:3 slavili igralci Fakultete za strojništvo proti ekipi EPF.<br/>Medfakulteteno prvenstvo UM se je zaključilo s finalnimi tekmami, kjer smo dobili prvake Univerze v Mariboru. Prvo finalno tekmo so odigrale odbojkarice Medicinske fakultete in Filozofske fakultete. Prepričljivo so slavile medicinke, ki so ugnale nasprotnice s 25:14 in 25:13. Odbojkarji Pedagoške fakultete so nastopili zelo suvereno in naslova prvaka jim ni mogla odvzeti niti ekipa Fakultete za gradbeništvo. Boljši so bili 2:0 v setih, kar pomeni, da so prvaki postali odbojkarji Pedagoške fakultete. Borba za košarkarskega prvaka je bilazelo napeta. Izenačena tekma med ekipama Fakultete za elektrotehniko, računalništvo in informatiko ter Fakultete za strojništvo je bila neodločena prav do zadnjega sodnikovega žvižga. Na koncu so bili za dve točki boljši strojniki. Zadnja tekma letošnjega finala je bila tekma med ekipama Fakultete za organizacijske vede in Fakultete za gradbeništvo. Prvi polčas še ni odločil o zmagovalcu, na koncu pa so slavili na FOV. Rezultat 2:1 jim je prinesel naslov pravka v malem nogometu.<br/>Vse tekme medfakultetenega prvenstva so pozorno spremljali tudi selektorji. Po nekaj težkih odločitvah so izbrali tekmovalce, ki bodo Univerzo v Mariboru 29. 5. v Kopru zastopali na Državnem univerzitetnem prvenstvu.<br/><strong>REZULTATI:</strong><br/><strong>Namizni tenis – ženske</strong><br/>1. Manca Fajmut<br/>2. Staša Matis<br/>3. Katarina Rebernak<br/><strong>Namizni tenis – moški</strong><br/>1. Mitja Verdnik<br/>2. David Peteršinek<br/>3. Anže Šimic<br/><strong>Badminton</strong><br/>1. Primož Maruc<br/>2. Mitja Verdnik<br/>3. Tadej Medved<br/><strong>Odbojka – ženske</strong><br/>1. Medicinska fakulteta<br/>2. Filozofska fakulteta<br/>3. Fakulteta za gradbeništvo<br/><strong>Odbojka &#8211; moški</strong><br/>1. Pedagoška fakulteta<br/>2. Fakulteta za gradbeništvo<br/>3. Ekonomsko-poslovna fakulteta<br/><strong>Košarka</strong><br/>1. Fakulteta za strojništvo<br/>2. Fakulteta za elektrotehniko, računalništvo in informatiko<br/>3. Ekonomsko-poslovna fakulteta<br/><strong>Nogomet</strong><br/>1. Fakulteta za organizacijske vede<br/>2. Fakulteta za gradbeništvo<br/>3. Fakulteta za strojništvo<br/>S.Š.<br/><span style="font-size: 10px;">foto: arhiv Zdrave zabave</span><br/><strong>FOTO GALERIJA</strong><br/>', '2013-06-19 12:33:19', 'dodatna_novica'),
(10, 1, NULL, 'Ekipna nadvlada tekmovalcev Fakultete za šport na Nike atletskem mitingu Univerze v Ljubljani', 'Glede na deževno obdobje, ki nas sicer spremlja, so tekmovalci imeli srečo z lepim vremenom. Nekaj sramežljivega sonca, predvsem pa veter, ki se je boril, kot da bi sam tekmoval. Tekmovalci so se morali dobro ogreti, saj je živemu srebru, na skoraj 20 Celzijevih, jugozahodnik prekrižal načrte. Kljub temu so nastopajoči naredili dobro atmosfero, predvsem pa dobre rezultate. V kraljici športa so letos ekipno kraljevali tekmovalci Fakultete za šport. Tesno ji je sledila Filozofska fakulteta. Izkazalo se je tudi ostalih 14 fakultet, ki so osvojile točke.<br/>Na klasični atletski disciplini (100m) je blestel <strong>Uroš Jovanovič</strong> (FKKT) z rezultatom 10´85, sledila sta mu <strong>Jernej Jeras</strong> iz MF (11´17) in <strong>Lenart Grkman</strong> FA (11´42). V nežnejšemu spolu je povedla <strong>Alja Sitar</strong> (FU), ki je premagala razdaljo v 12´13 s, za njo uvrščeni pa sta bili <strong>Laura Strajnar</strong> (MF; 13´23) in<strong> Urša Belaj</strong> iz FŠ (13´45).<br/>V teku na 400 metrov se je pomerilo največ tekmovalcev, in sicer v treh skupinah. Najboljši je bil <strong>Aljaž Požes</strong> (FKKT) z rezultatom 48´64, za njim sta se uvrstila <strong>Jan Breznikar</strong> (FFA; 49´78) in <strong>Krištof Knap</strong> (MF; 50´00). Dekleta so prav tako osvojila dobre rezultate in sicer prva <strong>Pina Gorišek</strong> (FF; 1:00´07), drugouvrščena <strong>Eva Kavka</strong> (BF; 1:00´54) in bronasta <strong>Eva Trpin</strong> (FF 1:06´34).<br/>Discipline 800 metrov so se pri moških udeležili sami »difovci«, med njimi pa je le <strong>Tadej Verbošt</strong> premagal magično mejo dveh minut, in sicer z rezultatom 1:59´46, na drugem mestu mu je sledil <strong>Mario Dugonik</strong> (2:00´51), na tretjem pa <strong>Peter Vitez</strong> (2:05´18). Med študentkami je osvojila zlato <strong>Eva Kavka</strong> (BF; 2:22´09), srebrna je bila <strong>Anja Robavs</strong> (FF; 2:23´69), brona se je pa veselila <strong>Breda Škedelj</strong> iz BF (2:29´33).<br/>Najvzdržljivejše discipline na tekmovanju, tek na 3000m, se je udeležilo 6 tekmovalcev. V času 9:47´48 je <strong>Maticu Plazniku</strong> (FS) uspelo premagati omenjeno razdaljo in se prebiti na prvo mesto. Tik za njim se je cilja veselil <strong>Luka Suhadolnik</strong> (NTF) z rezultatom 9:49´24, na tretje mesto je pa pritekel <strong>Boštjan Jenčič</strong> (FMF; 9:56´65). Prve tri tekmovalke so se izkazale z odličnim rezultatom, in sicer pod 11 minut. Prva je bila <strong>Tina Čačilo</strong> iz FFA (10:47´60), srebro je vzela <strong>Klara Ljubi</strong> iz EF, tretje mesto pa je zasedla <strong>Sara Jaklič</strong> (ZF) z rezultatom 10:53´12.<br/>Tekmovalke in tekmovalci so pomerili še v tehničnih disciplinah.<br/>Najvišje je skočila <strong>Maruša Novak</strong> (FU), in sicer 1´70 m, za njo je bila <strong>Maja Ana Strnad</strong> (FFA) s preskočenimi 1´55 m, tretjeuvrščena pa <strong>Maja Berčič</strong> (PeF; 1´25m).<br/>V daljino se je pognalo 5 študentk. Zlato si je privoščila <strong>Laura Strajnar</strong> (MF; 5´42m), srebro <strong>Urša Belaj</strong> iz FŠ (5´28), na odlično tretje mesto pa je skočila <strong>Neža Grkman</strong> iz MF (5´06m). Za skok v daljino se je od prijavljenih 5 opogumil le en tekmovalec, <strong>Gregor Podvršček</strong> iz EF in je skočil na prvo mesto s skokom, dolgim 5´19m.<br/>Suvanja krogle so se lotile štiri študentke. Povedla je <strong>Sitar Alja</strong> iz FU s kroglo, sunjeno čez 8 metrov (8´33m), sledila ji je <strong>Tjaša Fužir</strong> (FF; 7´80m), na tretjem mestu pa je moč pokazala tudi <strong>Ajda Pristavec</strong> iz FŠ (7´73m). Kroglo so sunili trije študentje, najdlje jo je pognal <strong>Marko Bone</strong> iz FŠ, in sicer 10´72, nekaj za njo je sledila krogla <strong>Jana Jereba</strong> iz FŠ (10´30m), na tretje mesto pa jo je sunil <strong>Krištof Knap</strong> iz MF (8´88m).<br/>Kot zadnja, a hkrati za mnoge najatraktivnejša disciplina, je nastopila štafeta 4 x 100 m. Najprej sta se pomerili dve ekipi pripadnikov moškega spola in sicer »računalničarji« (FRI) proti »kemikom« (FKKT). Slednji so slavili z rezultatom 46´29, zanje pa so tekli <strong>Uroš Jovanovič</strong>, <strong>Aljaž Požes</strong>, <strong>Luka Marlot</strong> in <strong>Aleksander Kranjc</strong>. V nasprotni ekipi so se borili Jan Jug, Žane Ban, Erik Torkli in Silvester Jakša ter dosegli čas 48´32. Nato je sledil nežnejši spol, v katerem sta za zlato tekli Fakulteta za šport in Filozofska fakulteta. Dekleta iz Aškrčeve so stale na najvišji stopnički z rezultatom 52´65, medtem ko so »difovke« na stopnički niže dobile srebro z doseženim časom 56´48.<br/>Velika pohvala za ponovno udeležbo na tekmovanju gre najzvestejšemu tekmovalcu, <strong>prof. Rastislavu Šušteršiču</strong>, iz Filozofske fakultete. Študentje, zgledujte se po njem!<br/>Nagrade za najboljše so prispevali: NIKE Slovenija, E-študentski servis, ŠOU v Ljubljani in Športna zveza Univerze v Ljubljani.<br/>M.R.<br/><span style="font-size: 10px;">fo', '2013-06-19 12:33:19', 'dodatna_novica'),
(11, 1, NULL, 'Otvoritev letne terase +-', 'Znani švicarski DJ in producent Mike Candys je na party lokacijo ob reki Dravi privabil množico ljudi ter jih s svojim setom pripeljal do ekstaze. Za vročo atmosfero so poskrbele tudi punce iz promo-teama kluba Plusminus ter simpatične hostese. Po prvem delu nastopa se je dogajanje iz terase preselilo v notranjost kluba, kjer so obiskovalci žurali na dveh plesiščih, do zgodnjih jutranjih ur.<br/>J.H.<br/><span style="font-size: 10px">foto: Sami Rahim</span><br/><strong>FOTO GALERIJA</strong><br/>', '2013-06-19 12:33:19', 'dodatna_novica'),
(12, 1, NULL, 'Za konec pa presenečenje&#8230;', 'Kar je obetalo rutinski zaključek doslej najuspešnejše Reloadove sezone, v kateri so Novo Gorico obiskali Paco Osuna, Len Faki, Joseph Capriati, Eric Sneo, Luigi Madonna, Gary Beck, Dave Clarke, Dubfire, Siniša Tamamović in za veliko piko na i še Marko Nastić, se je na koncu izteklo v epski podalšek v nedeljsko popoldne, na katerem se je za mikseto še enkrat nenajavljeno znašel Joseph Capriati. Da so afterji eden najboljših delov Reloadovih žurov, smo se že navadili, da bo tokratni že zaradi zgodovinskega datuma izjemen, je bilo tudi obljubljeno, tale češnja na vrhu torte pa je bila darilo ekipe vsem žurerjem, ki se vozite na mesečna druženja ob izbranem tehnu ob naši zahodni meji. Hvala za vse preplesane noči v naši družbi in se vidimo spet jeseni.<br/>G.Z.<br/><span style="font-size: 10px;">foto: Bojan Pipalovič</span><br/><strong>FOTO GALERIJA</strong><br/>', '2013-06-19 12:33:19', 'dodatna_novica'),
(13, 1, NULL, 'Končal se je Ljubljana Startup', 'V petek so udeleženci (68) izmed 27ih izbrali <strong>10 najboljših poslovnih idej</strong>, nato pa so se formirale ekipe z različnimi komplementarnimi znanji, potrebnimi za realizacijo le teh. Sledil je deloven vikend, kjer so ekipam na pomoč pri reševanju težav in zagat priskočili tudi mentorji,<strong> Andraž Logar</strong> iz podjetja ThirdFrameStudios (3fs),<strong> Rok Stritar</strong> z Ekonomske fakultete (EF) in podjetja Kibuba ter<strong> Blaž Zupan</strong>, iz EF iz podjetja Optiprint.<br/>Po intenzivne delovnem vikendu je v nedeljo sledila predstavitev poslovnih idej (t.i. »<em>elevator pitch</em>«) pred zbrano komisijo. Predstavljeno so bile raznovrstne inovativne ideje od različnih prototipov mobilnih aplikacij, spletnih storitev do praktičnih fizičnih produktov. Zbrana komisija (<strong>Aleš Pustovrh</strong> iz CoBIK-a, <strong>Kristjan Pečanac</strong> iz startup šole Hekovnik, <strong>Aleš Vahčič</strong> iz Ekonomske fakultete v Ljubljani, direktor Tehnološkega Parka Ljubljana <strong>Iztok Lesjak</strong> ter predstavnik podjetja RSG Capital <strong>David Božič</strong>) je zato imela težko nalogo, a na koncu le izbrala <strong>zmagavolca</strong>.<br/>Za zmagovalno ekipo startup vikenda je bila izbrana ekipa »<strong>Colormix</strong>«, ki je ustvarila prototip izdelka<strong> ColorCocktail</strong> (izdelek uporaben v frizerskih salonih pri mešanju barve). Podeljena pa je bila tudi <strong>posebna nagrada</strong> s strani <strong>Hekovnika</strong> in sicer možnost udeležbe na njihovi startup šoli. To nagrado je prejela ekipa<strong> T-ask</strong>, ki je s pomočjo mobilne aplikacije razvila nov način komuniciranja na poslovnih konferencah, fakultetah ipd.<br/>Vse ekipe so preživele zelo zanimiv vikend in se strinjajo, da je takšen dogodek zelo zanimiva in poučna izkušnja. Zato vsi skupaj z organizatorji pozivajo, da se <strong>Ljubljana Startupa</strong> naslednje leto udeležiš tudi<strong> TI!</strong><br/>M.O<br/><span style="font-size: 10px">Foto: Dejan Žerdin</span><br/>FOTO GALERIJA:<br/>', '2013-06-19 12:33:19', 'dodatna_novica'),
(14, 1, NULL, 'Jadranje in dalmatinski Kornati', 'Ob prvi misli na jadranje nas je večina skomignila z rameni in si rekla, da za kaj takega študenti pač nimamo denarja. Vendar če se za trenutek zamislimo, koliko denarja se pretopi v pijače po klubih, v hrano iz marketov ali celo restavracij in nenazadnje v apartmaje, katerih cena je v sezoni prav smešno &#8216;zatečena&#8217;, ugotovimo, da smo poleti &#8216;radi&#8217; zapravljivi. Jadranje na drugi strani lahko predstavlja zelo poceni obliko užitkarjenja na morju.Vse več je organizatorjev jadranja, ki vam splanirajo ugodno plovbo.<strong> Cene</strong> so zelo različne, odvisno je predvsem od termina (spomladi in jeseni je jadranje ugodnejše, vreme pa v Dalmaciji nič slabše od poletnega). Jadrnico s skiperjem se da najeti tudi že za<strong> cca. 200 evrov</strong> po osebi čez cel vikend (tu pa tam za isto ceno tudi cel teden), v ceno pa je vključena še jedača in pijača, kolikor vam srce poželi. Ključ do uspeha je <strong>zgodnja rezervacija</strong>.<br/>Zdaj, ko smo ugotovili, da je lahko jadranje<strong> dostopno tudi študentski populaciji</strong>, pa se prepustimo vsem pozitivnim doživetjem, ki jih zagotavljajo razpeta jadra. Sama sem se odpravila na valove v odlični ekipi, kjer je bil moj največji problem loviti sapo zaradi prekomernega smeha, ki me je kronično grabil celotno potovanje. Našo &#8216;ekspedicijo&#8217; smo pričeli v <strong>marini</strong> <strong>Biograda na Moru</strong> od koder smo zajadrali proti slovitim dalmatinskim<strong> Kornatom</strong>. Tukaj je morje pravljično, barve variirajo od smaragdno zelene pa do safirno modre. Tisto kar je posebej privlačno pri jadranju pa je<strong> adrenalin</strong>. Zategovanje vrvi, vrtenje…hm…jadralske terminologije pa še nisem popolnoma zapopadla. Kakor koli kakšna močna moška roka je še kako zaželjena na jadrnici, saj plovba na jadra zahteva vso posadko v pripravljenosti, s tem pa ji vdahne tudi čar in razgibanost. Glavni nevarnosti na jadranju sta<strong> boom</strong>, ki se premakne ob menjavi strani jader in pa lastna nerodnost, saj se človek (podkrepljen še s kakšnim promilom preveč) kaj hitro lahko prekopicne v morje. No, poleti to drugo pravzaprav ni takšna nevarnost, če pa vreme ponagaja in se morje jezno razburka pa vseeno dobro objemite kar koli kar vas bo zadržalo na palubi. Pot smo nadaljevali na otok <strong>Murter</strong>, famozen po svojih divjih zabavah in po &#8216;prespani&#8217; noči odvihrali na <strong>otok Žut</strong>. Tam so nas čakali <strong>gurmanski užitki</strong>, ki jih lahko ponudi le prava <strong>domača konoba</strong>, od sveže ulovljenih rib, do jagnjetine izpod peke, le vegetarijanci bi se obrisli pod nosom, priznam. Da pa vse skupaj naredimo že naravnost kičasto, pa v to popolno sliko moramo postaviti še<strong> delfine</strong>. Ti so skakali in se igrali okoli naše Azre (kot je bilo ime jadrnici) na poti v pristan. Nekoliko žalostni, ker je bilo vsega že konec, a vseeno vidno utrujeni, smo se odmajali domov. Za spomin pa so se tla majala še kakšen dan <img src=''http://www.studentske-novice.si/wp-includes/images/smilies/icon_smile.gif'' alt="icon smile Jadranje in dalmatinski Kornati" class=''wp-smiley'' title="Jadranje in dalmatinski Kornati"> <br/>Jadranje je hedonizem v svoji najčistejši obliki, pika.<br/>M.G.<br/><span style="font-size: 10px;">Foto: Manja Gatalo</span><br/>FOTO GALERIJA:<br/>', '2013-06-19 12:33:19', 'dodatna_novica'),
(15, 1, NULL, 'Jana Benedik in Anže Leskovar sta zmagovalca golfarna turnirja Univerze v Ljubljani', 'Tekmovanja so se udeležili študentje in profesorji Univerze v Ljubljani. Vremenska napoved za ta dan je bila slaba, vendarle pa to izkušenih golfistov ni odvrnilo od navdušenja nad igro in zagretostjo za dobrimi rezultati. Na eni izmed 18 lukenj je prav vsakega od njih ujelo nekaj dežnih kapelj, kljub temu pa so ob koncu vsi pokazali veliko mero dobre volje in pozdravili idejo o organizaciji tovrstnega turnirja tudi v prihodnje. Z obiskom sta turnir počastila tudi predsednik Športne zveze Univerze v Ljubljani, <strong>dr. Milan Žvan</strong>, in podpredsednik ŠZUL, <strong>dr. Otmar Kugovnik</strong>.<br/>Sicer pa je na tekmovanju nastopilo polovica študentov in polovica zaposlenih, kar je svojevrstna posebnost v vrsti tekmovanj, ki jih organizira Športna zveza UL. Ekipna zmaga je vendarle šla fakulteti, ki so jo zastopali le študentje, in sicer Fakulteti za strojništvo.<br/>Bruto zmagovalka tekmovanja je bila <strong>Jana Benedik</strong>, študentka Ekonomske fakultete, bruto zmagovalec pa <strong>Anže Leskovar</strong> iz Fakultete za strojništvo. Podelili so še nagrade za najboljše tri neto uvrstitve v kategoriji študentje in zaposleni (1. mesto <strong>Vid Selič</strong> (FS) 2. mesto <strong>Anže Leskovar</strong> (FS) 3. mesto <strong>Ciril Ribičič</strong> (PF). Posebni nagradi so namenili tudi gostoma turnirja, <strong>Mojci Braz</strong> iz Fakultete za komercialne in poslovne vede in <strong>Anteju Madjaru</strong>, članu Akademskega golf kluba, ki je tudi sicer članica ŠZUL.<br/><strong>Rezultati BRUTO:</strong><br/>1. Anže Leskovar FS  33 38 7,7 (-0,4)<br/>2. Vid Selič FS 30 40 11,1 (-1,1)<br/>3. Ante Madjar 22 29 10,9 (+0,1)<br/>4. Gregor Novak EF 22 27 9,3 (+0,1)<br/>5. Borut Pistotnik FŠ 11 25 25,4 (+0,1)<br/>6.Ciril Ribičič PF 11 30 24,3 (+0,1)<br/>7.Ljubo Lah FA 10 29 36,0 (0)<br/>8. Jana Benedik EF 10 19 17,9 (+0,1)<br/>9. Mojca Braz 8 27 30,3 (+0,2)<br/>10. Igor Bartenjev MF 7 21 23,5 (+0,1)<br/>11. Andrej Umek FGG 4 19 33,0 (+0,2)<br/>12. Žiga Avsec FMF DSQ DSQ 0,7 (+0,2)<br/><strong>Rezultati NETO:</strong><br/> 1. Vid Selič FS 30 40 11,1 (-1,1)<br/> 2. Anže Leskovar FS 33 38 7,7 (-0,4)<br/> 3. Ciril Ribičič PF 11 30 24,3 (+0,1)<br/> 4. Ante Madjar 22 29 10,9 (+0,1)<br/> 5. Ljubo Lah FA 10 29 36,0 (0)<br/> 6. Gregor Novak EF 22 27 9,3 (+0,1)<br/> 7. Mojca Braz 8 27 30,3 (+0,2)<br/> 8. Borut Pistotnik FŠ 11 25 25,4 (+0,1)<br/> 9. Igor Bartenjev MF 7 21 23,5 (+0,1)<br/> 10. Jana benedik EF 10 19 17,9 (+0,1)<br/> 11. Andrej Umek FGG 4 19 33,0 (+0,2)<br/> 12. Žiga Avsec FMF DSQ DSQ 0,7 (+0,2)<br/>M.R.<br/>', '2013-06-19 12:33:20', 'dodatna_novica'),
(16, 1, NULL, 'Spet doma-v Cirkusu', 'Žur je bil še posebno vroč, ker je po enoletni odstotnosti z domačih odrov, v Cirkusu nastopil naš elektronski wunderkind Beltek. Ljubljančan je pokazal s čim je še minuli vikend navdušil razvajeno občinstvo londonske klubske inštitucije Ministry of Sound, pred tem pa klube in festivale od Miamija in Buenos Airesa do Moskve. Glasbeni izbor, s katerim so ob njem stregli še Alex Cvetkov, Daniel Greenx, Drawle in DJ Frko je bil odličen prerez tega, kar vas čaka na Ultri, po energiji na plesišču pa lahko sinočnjo zabavo uvrstimo med vrhunce pomladnega žurerskega razvrata v Cirkusu.<br/>G.Z.<br/><span style="font-size: 10px">foto: Marko Delbello Ocepek</span><br/>', '2013-06-19 12:33:20', 'dodatna_novica'),
(17, 1, NULL, 'Kaj prinaša reorganizacija zavoda?', '<em>»Nov zavod sprememb za stanovalce domov ne prinaša,«</em> zagotavlja <strong>Meta Škufca</strong>, direktorica novega zavoda pod imenom Študentski dom Ljubljana. Sklep o zavodu, ki po novem združuje Dom podiplomcev in gostujočih profesorjev Ljubljana in Študentskih domov v Ljubljani je bil sprejet poleti, 31. avgusta 2012 pa objavljen v Uradnem listu RS.<br/>Združitev je, v skladu <strong>Vlade Republike Slovenije</strong> o ukrepih za racionalizacijo javnega sektorja in izvajanju javnih služb, predlagalo <strong>Ministrstvo za izobraževanje, znanost, kulturo in šport</strong> (MIZKŠ). »<em>Spremembe ne prinašajo slabosti</em>,« je odziv <strong>Mete Škufca</strong> na ukrep, ki je del aktualne varčevalne politike in finančnega poseganja vlade na vsa resorna področja.<br/>Novi zavod naj bi zaradi združitve posloval z nižjimi stroški. »<em>Od slej bo poenotena nabava materialov, spremembe bodo prinesle ukinitev naročanja storitev pri zunanjih izvajalcih del oziroma dobaviteljih in opravljanje le-teh kot so računovodske storitve, storitve pranja perila in storitve vzdrževanja objektov</em>,« pojasnjuje direktorica. Te storitve so sicer bile poenotene in urejene že v delu starega statuta, ki ureja dejavnosti prejšnjega zavoda, razlika je le v tem, da se<strong> Dom podiplomcev</strong> in gostujočih profesorjev Ljubljana priključi k že obstoječemu sistemu ostalih študentskih domov. To prinaša približno 170 novih stanovalcev iz doma podiplomcev, kar za ustanovo, ki šteje 7500 že obstoječih študentov ne prinaša večjih obremenitev. Prav tako je nesmiselno govoriti o namenu znižanja stroškov poslovanja, saj je dosedanji<strong> zavod Študentski domovi v Ljubljani</strong> posloval pozitivno. »<em>Zakaj Študentski dom podiplomcev preprosto nismo priključili k že obstoječemu zavodu?</em>« se na tem mestu sprašuje <strong>Miha Luzar</strong>, predsednik Študentskega sveta stanovalcev (ŠSS), saj meni da bi ravno s tem pokazali transparentno ravnanje s financami, ravno ta ukrep pa bi bil v luči varčevalnih ukrepov. Z ustanovitvijo novega zavoda so namreč nastali tudi novi stroški.<br/>Novi zavod Študentski dom Ljubljana z združitvijo dveh prej ločenih institucij prinaša tudi spremembe v vodstvu in upravljanju. Namesto dveh bo sedaj zavod vodil en direktor, prav tako pa prinaša tudi okrnjeno zasedbo sveta zavoda, ki je organa upravljanja. V zavodu Študentski dom Ljubljana je članov pet, pred tem pa jih je bilo devet. Taka sprememba prinaša drugačno razmerje moči odločanja, saj se je po sprejetem sklepu zmanjšalo število članov, ki so neposredno povezani z življenjem v študentskih domovih.<br>\nSvet po novi ureditvi sestavljajo trije predstavniki imenovani s strani MIZKŠ, eden je predstavnik ŠSS, drugega pa izvolijo zaposleni zavoda med sabo. Po prejšnjem statutu pa so prostor v svetu ob že omenjenih imeli še predstavnik Univerze v Ljubljani, predstavnik Študentske organizacije Univerze v Ljubljani, predstavnik Mestne občine Ljubljana in namesto enega dva predstavnika zaposlenih v zavodu. Tak ukrep prinaša, da so se razmere moči v organu odločanja močno spremenile.<br/>Skladno s sprejetim Sklepom o ustanovitvi javnega zavoda <strong>Študentski dom Ljubljana</strong> je z dnem vpisa Študentski dom Ljubljana v sodni register prenehal mandat obema direktorjema zavodov. Zavod je zato 15. februarja objavil javni razpis za novega direktorja, začasno pa je vlada imenovala vršilko dolžnosti direktorja javnega zavoda Študentski dom Ljubljana<strong> Meto Škufca</strong> in jo pooblastila, da opravi priprave za začetek dela javnega zavoda skladno s sprejetim sklepom.<br/>Marca je vlada, ki je takrat opravljala zgolj tekoče posle, potrdila direktorico <strong>Meto Škufca</strong>, ki je do takrat bila v. d. in je sicer aktivna članica stranke SDS, za direktorico novega zavoda. Čeprav se je na razpis prijavilo več kandidatov, razgovorov ni bilo. Odgovor na ta očitek je, da razgovor ni zakonsko obvezujoča oblika načina izbire kandidata, ki se prijavlja na razpis. Hkrati pa se pojavljajo tudi očitki, da je bil razpis prirejen, saj se je v nekaterih točkah razlikoval od tistih iz prejšnjih let. V prejšnjih razpisih so zahtevali, da prijavljeni kandidat »aktivno obvlada vsaj en svetovni jezik«, v zadnjem razpisu tega pogoja ni več. Poleg tega so v prejšnjih razpisih zahtevali »najmanj pet let delovnih izkušenj na vodilnih mestih«, v zadnjem razpisu pa so ta pogoj omilili in zahtevali »pet let delovnih izkušenj na vodstvenih delovnih mestih«. Zaradi takih sprememb so nekateri člani sveta zavoda prepričani, da je v ozadju želja po imenovanju Škufce na direktorski položaj.<br/>V zavodu se trenutno dogovarjajo o novih strokovnih sodelavcih. Mnenja se krešejo in prvotna ideja o novem zavodu, ki bo zniževal stroške se zdi vedno bolj oddaljena. Novi zaposleni pomenijo nove stroške, vprašanje ki pa se postavlja pa je: »<em>Kdo bo to poravnal?</em>«<br/>', '2013-06-19 12:33:20', 'dodatna_novica'),
(18, 1, NULL, 'Zaključek majskih v Companerosu', 'Vsi, željni zabavanja dolgo v noč, pa so se &#8221;preselili&#8221; v Companeros.<br/>N.K.<br/><span style="font-size: 10px">foto: Tit Bonač</span><br/>', '2013-06-19 12:33:20', 'dodatna_novica'),
(19, 1, NULL, 'Okrogla miza: Varnost uporabnikov  na družbenih omrežjih v Evropski uniji', 'Postavljena vprašanja so bila osrednja tema okrogle mize: »<strong><em>Varnost uporabnikov na družbenih omrežjih v Evropski uniji</em></strong>«, ki je potekala <strong>21.5.2013</strong> na na<strong> Evropski pravni fakulteti v Novi Gorici</strong> (v organizaciji društva <strong>ELSA Nova Gorica</strong>).<br/>Osrednja gosta okrogle mize sta bila<strong> Gorazd Božič</strong>; vodja nacionalnega odzivnega centra za omrežne incidente <strong>SI-CERT</strong> (Slovenian Computer Emergency Response Team), ki že od leta 1995 preiskuje vdore v računalnike in pomaga uporabnikom pri raznovrstnih drugih zlorabah, ter<strong> svetovalka Urada informacijskega pooblaščenca RS</strong> <strong>Polona Tepina</strong>, ki se prav tako pri svojem delu vsakodnevno srečuje s problematiko varstva osebnih podatkov na spletu.<br/>Rdeča nit razprave je slonela na dejstvu, da nas razvoj tehnologije in virtualnih možnosti pelje v smeri, da vedno več osebnih podatkov izgubljamo in jih puščamo nezavarovane, kar vodi v raznovrstne zlorabe (kraja identitete, vdor v zasebne datoteke, objava osebnih zadev na družbenih omrežjih, ipd). Vsekakor je na tem področju zato pomembna ustrezna regulacija, ki bo obvarovala uporabnike storitev in ob enem omejila ponudnike pri razpolaganju s podatki ki se zbirajo v njihovih bazah. Na ravni <strong>Evropske Unije</strong> se v ta namen pripravlja<strong> Uredba o varstvu osebnih podatkov</strong>, ki prinaša veliko novosti, ki bodo doprinesle k zvišanju stopnje varstva tako za posameznike, kot za podjetja in gospodarstvo.<br/>Ker pa tehnologija ter razvoj spletnih storitev in različne vrste prevar prednjačijo pred nacionalno kot tudi <strong>Evropsko regulacijo</strong>, je bistvenega pomena osveščanje posameznikov o bolj previdnem razpečevanju osebnih podatkov na spletu. Na tem področju ni ranljiva zgolj mladina, ki se kot del vsakdana udejstvuje na družbenih omrežjih ampak tudi odrasli posamezniki, podjetja, itd.<br/>Regulacija tega področja je brez pomena, če tudi posamezniki oziroma uporabniki ne prevzamemo del odgovornosti za svoja dejanja.<br/>', '2013-06-19 12:33:20', 'dodatna_novica'),
(20, 1, NULL, '5V: Electro Team &#8211; ET', '<strong>Kako se spominjate snemanja hita Tek je 12 sati, ki je poleti 1993 sprožil eksplozijo dance glasbe v celi regiji?</strong><br>\nVse skupaj se je začelo že nekaj mesecev prej, ko sem za Sandija Cenova remiksal skladbo &#8220;Ljubav za sve&#8221;. Takrat sem vedel, kam se moramo usmeriti, saj smo prej ustvarjali hip hop, r&amp;b in plesno glasbo z angleškimi besedili, po neuspehu prvega albuma pa je skupina skoraj razpadla. Pozimi leta 1993 sem si v Londonu ogledal nastope nekaterih takrat najbolj vročih dance skupin in dobil navdih za novi zvok ET-ja. Prvi plod te vizije je bil &#8220;Tek je 12 sati&#8221;, ki smo ga posneli, ko sem pri sponzorjih napraskal denar za snemanje. In ta skladba je potem res spremenila podobo glasbene scene v celi bivši Jugoslaviji.<br/><strong>Tudi v Sloveniji vam je sledil kup podobnih skupin. Se spomnite kakšnega slovenskega benda ali hita iz tistih časov?</strong><br>\nČe sem iskren, se ne spomnim niti enega izvajalca izven Hrvaške, ki je tedaj ustvarjal podobno glasbo kot ET. Zagotovo so obstajali, a nam se je takrat toliko dogajalo, da to enostavno ni prišlo do nas. So pa danes razmere povsem drugačne in v Sloveniji je cel kup odličnih ustvarjalcev vrhunske elektronske plesne glasbe različnih žanrov.<br/><strong>Zanimivo, kako se je elektronska glasba v Sloveniji v dveh desetletjih razcvetela, na Hrvaškem pa je nikoli niso zares sprejeli, čeprav sta vam sledili še dve veliki plesni skupini, Colonia in Karma.</strong><br>\nPri nas je za večino ljudi v medijih dance še vedno le hipen trend, kar je smešno. Kot da nikoli niso bili v diskoteki ali prižgali MTV-ja. Najhujši so samooklicani kritiki, ki se nikoli niso odlepili od Woodstocka. Najbolj žalostno pa je, da naši glasbeniki Coloniji nikoli niso priznali, da je zelo uspešna skupina, čeprav se lahko pohvalijo z več uspehi kot tričetrt scene skupaj. To je tipična hrvaška zavist. Podobno je s Karmo, ki je osvojila Češko, a se to večini doma zdelo nepomembno.<br/><strong><a href="http://www.studentske-novice.si/wp-content/uploads/2013/05/ET_01.jpg"><img class="size-medium wp-image-2462 alignleft" alt="ET 01 215x300 5V: Electro Team   ET" src="http://www.studentske-novice.si/wp-content/uploads/2013/05/ET_01-215x300.jpg" width="215" height="300" title="5V: Electro Team   ET"></a>Kateri so bili vaši največji uspehi po Vanninem odhodu?</strong><br>\nKot so včasih ljudje noreli na &#8220;Tek je 12 sati&#8221;, danes mladina nori na &#8220;Prazan stan&#8221; in druge hite, ki sva jih v zadnjih letih posnela s Katarino. V tem pogledu se ni kaj dosti spremenilo. Vsaka pevka je dala skupini svoj pečat in vsak od devetih album je navrgel vsaj nekaj hitov. ET je obstajal pred Vanno in po njej in vsaka pevka, ki je zapustila to skupino, je s tem tvegala kariero, saj je zvok ET-ja zelo prepoznaven in zaznamuje vsakogar, ki deluje v kolektivu. Vanna je zaznamovala neko obdobje. Tako kot je svoj pečat pustila Lana in zdaj Katarina, ki je pevka z najdaljšim stažem v Electro Teamu. Kot večina skupin smo se morali zvočno prilagoditi temu, da mladi na Hrvaškem najrajeje poslušajo turbofolk, a še vedno raje naredim tak kompromis in ustvarjam nekaj svežega, kot da bi dvajset let kolobaril isti zvok 90. let.<br/><strong>Kaj pripravljate za petkove nastop na zabavi DeeJay Time Back in Time na Gospodarskem razstavišču?</strong><br>\nOriginalen nastop, saj se nam je v 26. letih dela nabralo ogromno dobrih pesmi in lahko izvedemo koncert poln hitov sestavljen izključno na avtorskem repertoraju. Zabavali se boste lahko tako ob starejših uspešnicah Electro Teama pa tudi skladbah, s katerimi smo osvajali radijski eter in lestvice v zadnjih letih. Prepričani smo, da se bodo obiskovalci dobro zabavali, plesali in odpeli z nami večino, če ne kar vse pesmi.<br/>', '2013-06-19 12:33:20', 'dodatna_novica'),
(21, 1, NULL, 'Poslovil se je 19. teden mladih', 'V 9 festivalskih dneh ga je obiskalo 15.000 obiskovalcev, največ mladih in mladih po srcu pa je pritegnil prav zadnji večer, ko so na velikem odru Tedna mladih nastopili Elvis Jackson in S.A.R.S.<br/>Večerni program festivala je bil plačljiv, pri čemer je prost vstop na večino večernih dogodkov Tedna mladih 2013 omogočala festivalska zapestnica z dobrodelno noto. 1 € od vsake zapestnice je KŠK namenil 20-letnemu Kranjčanu, ki se je pred tremi leti huje poškodoval in postal tetraplegik.<br/>', '2013-06-19 12:33:20', 'dodatna_novica');
INSERT INTO `objava` (`id`, `user_id`, `kategorija_id`, `naslov`, `vsebina`, `datum_objave`, `tip`) VALUES
(22, 1, NULL, 'ZF in FŠ najboljši na prvenstvu Univerze v Ljubljani v odbojki na mivki', 'V sredo, 15. 5. 2013, je na igriščih ob Športni hiši Ilirija v moški konkurenci tekmovalo osem ekip, v ženski konkurenci pa enajst. V ekipni konkurenci je zmagala Fakulteta za šport z osvojenimi 180 točkami. V obeh kategorijah je bilo odigrano skupaj 52 tekem na treh igriščih. Po končanem tekmovanju so najboljše ekipe prejele medalje in nagrade, zmagovalna fakulteta pa tudi pokal za prvo mesto.<br/>V moški konkurenci sta se magovalca predskupin (ekipi Bahč/Boženk in Simončič/Novak) pomerili v finalu. Malce presenetljivo sta prvi niz dobila izzivalca  lanskih zmagovalcev, <strong>Mitja Simončič</strong> in <strong>Iztok Novak</strong>. Po porazu v prvem nizu sta lanska zmagovalca, <strong>Anže Bahč</strong> in <strong>Tadej Boženk</strong> strnila vrste in prepričljivo osvojila 2.in 3. niz ter s tem še podaljšala niz nepremagljivosti na študentskih tekmovanjih v odbojki na mivki. Tekma za tretje mesto je bila ponovitev tekme iz skupine A, Zagorc/Orginc pa sta le še potrdila zmago v skupinskem delu in osvojila končno tretje mesto.<br/>Pri dekletih sta <strong>Marina Crnjac</strong> in <strong>Zala Verbole</strong> na videz brez težav osvojili končno prvo mesto. Na igrišču pa vseeno ni bilo vedno tako enostavno. Predvsem v četrtfinalu in polfinalu sta se morali pošteno potruditi. Zanimivo je bilo tudi v spodnjem delu razpredelnice, saj sta končni finalistki, Mehle/Grgičevič izgubili srečanje drugega kroga, in sta se v polfinale prebili skozi repasaž. Tekme v repasažu so bile zelo izenačene, ena izmed najbolj napetih tekem pa je bilo drugo polfinale, ki sta ga po zmagi v tretjem nizu dobili prav Mehle/Grgičevič. Dekleta so prikazala dobro igro s številnimi lepimi potezami predvsem v obrambi, kjer je veljalo da nobena žoga ni izgubljena dokler ne pade na tla.<br/><strong>Rezultati:</strong><br/>MOŠKI<br/>1. Bahč, Boženk (ZF)<br/>2. Simončič, Novak (FŠ)<br/>3. Zagorc, Ogrinc (FS)<br/>4. Rejc, Ambrožič (FKKT)<br/>5. Novak, Brumen (FE)<br/>6. Bezek, Grah (EF)<br/>7. Lajkovič, Alegro (FŠ)<br/>8. Pirc, Petkovšek (FS)<br/>ŽENSKE<br/> 1. Crnjac, Verbole (FŠ)<br/> 2. Mehle, Grgičevič (FFA)<br/> 3. Morgan, Ulčer (MF)<br/> 4. Pleško, Janežič (FŠ)<br/> 5. Pungartnik, Vodopivec (FŠ)<br/> 6. Ropret, Vidovič (FFA)<br/> 7. Guštin, Kraševec (FKKT)<br/> 8. Grilc, Četina (MF)<br/>9. Baron, Prestor (FŠ)<br/>10. Intihar, Suljanović (MF)<br/>11. Štrukelj, Duvnjak (PeF)<br/>M.R.<br/>', '2013-06-19 12:33:20', 'dodatna_novica'),
(23, 1, NULL, 'Kdo bo na položaju rektorja nasledil dr. Radovana Stanislava Pejovnika? (VIDEO, SLIKE)', 'Sprva je kazalo, da bodo kandidati trije, vendar <strong>dr. Dušan Mramor</strong>, kandidat ekonomske fakultete, kljub izglasovanemu sklepu senata EF, k svoji kandidaturi ni dal soglasja.<br/>Nekdanji dekan FDV in minister za delo, družino in socialne zadeve <strong>dr. Ivan Svetlik, </strong>je<strong> </strong>že<strong> </strong>na sami otvoritvi kandidature, ki je minulo sredo potekala na FDV predstavil nekatera programska izhodišča. Za nas je dejal:<em> &#8221;V kandidaturo za rektorja Univerze v Ljubljani grem z željo, da povežem skupnost zaposlenih in študentov v prizadevanjih za uresničitev Strategije UL 2020. To so v prvi vrsti dvig kakovosti izobraževanja, okrepitev raziskovalnih skupin, povečan prenos znanja v delovna okolja, poglobljena internacionalizacija, ohranitev znanja kot javne dobrine ter zaščita ugleda univerze kot javne, celovite, avtonomne in v prihodnost usmerjene institucije. Verjamem, da 6000 zaposlenih in 50000 studentov to zmore.&#8221; </em><br/><div class=''et-learn-more et-open clearfix''>\n					<h3 class=''heading-more open''>VIDEO<span class=''et_learnmore_arrow''><span></span></span></h3>\n					<div class=''learn-more-content''><iframe src="http://www.youtube.com/embed/mOraedJFqVs" height="315" width="100%" allowfullscreen="" frameborder="0"></iframe></div>\n				</div><br/>Kot poroča Dnevnik,<strong> Dr. Jožef Duhovnik</strong> programa še ni napisal, eden glavnih poudarkov v njegovem mandatu pa naj bi bil dvig kakovosti študija.<br/>Volitve za novega rektorja Univerze v Ljubljani bodo 18. junija.  Kandidata pa se bosta prvič soočila že prihodnjo sredo.<br/>M.J.<br/><span style="font-size: 10px;">foto: Jan Merc</span><br/><strong>FOTO GALERIJA</strong><br/>', '2013-06-19 12:33:20', 'dodatna_novica'),
(24, 1, NULL, 'Novo ozvočenje, nov film o Ambasadi, novi Valentino', 'Valentino Kanzyani je v svojem svežem konceptu Back to the Future lepo zmešal glasbo preteklosti, sedanjosti in prihodnosti ter uspešno krstil novo ozvočenje Audio Martin. Svoje je k zgodbi prispevalo tudi celonočno chill-out popotovanje z E/Tapom v priveeju, kjer so si obiskovalci lahko za uvod v glasbeno noč ogledali dokumentarni film Katedrala luksuznih barv. V njem iz prve roke izvemo kup zanimivosti o enem najlepših mediteranskih klubov. Za zamudnike bo v naslednjih mesecih organizirana dodatna projekcija filma, ki je obvezno gradivo za vse ljubitelje elektronske glasbe, popkulture in Ambasade Gavioli.<br/>G.Z.<br/><span style="font-size: 10px">foto: Dejan Hren</span><br/>', '2013-06-19 12:33:20', 'dodatna_novica'),
(25, 1, NULL, 'Sobotna vročica – Rico Bernascon', 'Večer se je ob dobri glasbi prelil v noč, katero je dodatno segrel Rico Bernasconi. Nemški DJ in producent hitov &#8216;Party in Mykonos&#8217;, &#8216;Party all the time&#8217; ter drugih uspešnic je poskrbel za odlično atmosfero in zabavo do zgodnjih jutranjih ur.<br/>J.H.<br/><span style="font-size: 10px">foto: Sami Rahim</span><br/><strong>FOTO GALERIJA</strong><br/>', '2013-06-19 12:33:20', 'dodatna_novica'),
(26, 1, NULL, 'Uporabno znanje je lahko pridobljeno na zabaven – neformalen način', 'Njen namen je širšo javnost opozoriti na pomen neformalno pridobljenega znanja in vlogo nevladnih organizacij kot »ponudnikov« neformalnega učenja. Akcijo je organiziral Zavod Nefiks v sodelovanju s partnerskimi organizacijami konzorcija mreže MINVOS, potekalala pa je od mraka do polnoči po sedmih večjih slovenskih mestih. Pridružile so se ji nevladne organizacije, društva, inštituti in mladinski centri mreže iz Ljubljane, Maribora, Kopra, Novega mesta, Celja, Velenja in Zagorja. Skupaj se je po vsej Sloveniji predstavilo več kot trideset nevladnih organizacij(NVO). Vsebine so se predvajale preko projektorjev na ulične zidove ter na televizijskih zaslonih gostinskih lokalov v centrih mest.<br/><a href="http://www.studentske-novice.si/wp-content/uploads/2013/05/IMG_1439.jpg"><img class="size-medium wp-image-2570 alignleft" alt="IMG 1439 300x225 Uporabno znanje je lahko pridobljeno na zabaven – neformalen način" src="http://www.studentske-novice.si/wp-content/uploads/2013/05/IMG_1439-300x225.jpg" width="300" height="225" title="Uporabno znanje je lahko pridobljeno na zabaven – neformalen način"></a>Nevladne organizacije so predvsem društva, ustanove in (zasebni) zavodi. Tvorijo nevladni (tretji) sektor oz.  civilno družbo. Opravljajo pomembni funkciji: zagovorniško in storitveno. Z akcijo želijo okolici predstaviti, kako pomembne so za lokalno okolje in prikazati široko polje učenja, ki ga vključenim posameznikom lahko nudijo.<br/>Predstavitev dela nevladnih mladinskih organizacij je potekala v obliki zabavne video in foto prezentacje, kjer so mimoidočim in obiskovalcem predstavljali pomen svojih dejavnosti v domačem in širšem okolju. Mimoidoči so bili tako kot lani tudi letos nad akcijo navdušeni. Jože, mimoidoči: »Kljub slabemu vremenu  ste mi polepšali večer. Navdušen sem, da obstajajo organizacije, ki so pripravljene prostovoljno prispevati k neformalnemu izobraževanju mladih.«<br/>', '2013-06-19 12:33:20', 'dodatna_novica'),
(27, 1, NULL, 'Navkljub slabemu vremenu rekord proge na Kalvariji', '&nbsp;<br/><strong>Zdrava zabava</strong> (Univerzitetna športna zveza Maribor) je kljub slabi vremenski napovedi izpeljala 4. nočni tek na Kalvarijo – edition by Soundbiro. Vsi prijavljeni tekači so premagali naporno progo (455 stopnic). Kot uvod in presenečenje za gledalce je tek otvoril eden najboljših smučarjev prostega sloga<strong> Filip Flisar</strong>, ki se je s kolesom spustil po vseh 455 stopnicah. Takoj za njim se je po pobočju Kalvarije spustil še <strong>Urh Pantner</strong>, večkratni državni prvak z monociklom.<br/>Nato so tekmovalci pričeli premagovati težavno progo. Že prvi tekmovalec<strong> Matjaž Mikloša</strong> je pripravil presenečenje, saj je postavil nov rekord proge 1:45,13. Do konca tekmovanja sta se mu je najbolj približala <strong>Miha Kvas</strong> in <strong>Andrej Golob</strong>, vendar nihče ni mogel premagati odličnega Matjaža. V ženski konkurenci je s časom 2:38,06 slavila <strong>Karmen Klančnik</strong>. Tik za njo pa sta se uvrstili <strong>Manja Frece</strong> in <strong>Špela Zupan</strong>.<br/>Kalvarija je bila vidna daleč naokoli, saj je Zdrava zabava skupaj s Soundbirojem poskrbela za nepozabne svetlobne efekte. Nočni tek na Kalvarijo tako velja za edinstveno prireditev, ki je prepoznana med profesionalnimi športniki in rekreativci. <em>»Letos je bil najmlajši udeleženec teka star 10 let, najstarejši pa 66,«</em> je povedal <strong>Marjan Pučnik</strong>, predsednik Univerzitetne športne zveze Maribor. Zagotovo pa so zmagovalci vsi, ki so prišli do cilja zahtevne proge.<br/><strong>Rezultati:</strong><br/>Ženske:<br/>1. Karmen Klančnik 2:38,06 2. Manja Frece 2:41,99 3. Špela Zupan 2:43,65<br/>Moški:<br/>1. Matjaž Mikloša 1:45,13 2. Miha Kvas 1:46,22 3. Andrej Golob 1:57,81<br/>', '2013-06-19 12:33:20', 'dodatna_novica'),
(28, 1, NULL, 'Modna galerija by Studio Oranž &amp; DH Fashion', 'V okviru &#8216;Modne galerije&#8217; sta se obiskovalcem kluba Plusminus predstavila Goran s svojo ekipo frizerskega studia Oranž ter David – novost na modni sceni, ki je premierno pokazal svojo blagovno znamko DH Fashion. Vsi, ki ste dogodek zamudili, nekaj utrinkov iz modno obarvane noči najdete v galeriji slik.<br/>J.H.<br/><span style="font-size: 10px">foto: Sami Rahim</span><br/><strong>FOTO GALERIJA</strong><br/>', '2013-06-19 12:33:20', 'dodatna_novica'),
(29, 1, NULL, 'Pimp my night v petek zvečer (SLIKE)', 'Za zabavo do zgodnjih jutranjih ur je skrbel rezident<strong> Dj Martini</strong>, večer pa sta z nastopom v živo popestrila velenjski raper <strong>Benjamin Džini a.k.a. Ghet</strong> ter mariborčan <strong>Emkej</strong>.<br/>J.<br/><span style="font-size: 10px;">Foto: Sami Rahim</span><br/>', '2013-06-19 12:33:20', 'dodatna_novica'),
(30, 1, NULL, 'CUKER afterwork četrtki (SLIKE)', 'Druženja ob reki Dravi potekajo vsak četrtek od 17.ure naprej, kjer se lahko razvajate s finger food prigrizki, cocktaili, brezplačno degustacijo priznanih vin ter izbrano glazbo DJ-ev.<br/>Se vidimo na najdaljši v mestu! Terasi, seveda.<br/>J.<br/><span style="font-size: 10px;">foto: Sami Rahim</span><br/>', '2013-06-19 12:33:20', 'dodatna_novica'),
(31, 1, NULL, 'Aljaž Pegan: Bilo je lepo (VIDEO)', '', '2013-06-19 12:33:20', 'dodatna_novica'),
(32, 1, 887, 'Rezultati SiS 17.6.2013', '<p><span style="font-family: tahoma, verdana, sans-serif; font-size: 12px; line-height: 16.796875px; text-align: justify;">Rezultati izpita Signali in sistemi, 17.6.2013, so sledeči:&nbsp;</span><br style="font-family: tahoma, verdana, sans-serif; font-size: 12px; line-height: 16.796875px; text-align: justify;" /><span style="font-family: tahoma, verdana, sans-serif; font-size: 12px; line-height: 16.796875px; text-align: justify;">E1030969 63%</span><br style="font-family: tahoma, verdana, sans-serif; font-size: 12px; line-height: 16.796875px; text-align: justify;" /><span style="font-family: tahoma, verdana, sans-serif; font-size: 12px; line-height: 16.796875px; text-align: justify;">E1053757 31%</span><br style="font-family: tahoma, verdana, sans-serif; font-size: 12px; line-height: 16.796875px; text-align: justify;" /><br style="font-family: tahoma, verdana, sans-serif; font-size: 12px; line-height: 16.796875px; text-align: justify;" /><span style="font-family: tahoma, verdana, sans-serif; font-size: 12px; line-height: 16.796875px; text-align: justify;">Za ustni zagovor se obrnite na prof. Stergarja (janez.stergar@uni-mb.si). Izpiti so za ogled na voljo v G-215.</span><br style="font-family: tahoma, verdana, sans-serif; font-size: 12px; line-height: 16.796875px; text-align: justify;" /><br style="font-family: tahoma, verdana, sans-serif; font-size: 12px; line-height: 16.796875px; text-align: justify;" /><span style="font-family: tahoma, verdana, sans-serif; font-size: 12px; line-height: 16.796875px; text-align: justify;">Lep pozdrav,</span><br style="font-family: tahoma, verdana, sans-serif; font-size: 12px; line-height: 16.796875px; text-align: justify;" /><span style="font-family: tahoma, verdana, sans-serif; font-size: 12px; line-height: 16.796875px; text-align: justify;">Sibila Vadlja.</span></p>', '2013-06-19 12:35:56', 'oglas'),
(33, 1, NULL, 'Obvestilo o rokih za prijavo tem in zagovorov diplomskih del v študijskem letu 2012/2013', '<p><span style="color: #666666; font-family: tahoma, verdana, sans-serif; font-size: 12px; line-height: 16.796875px; text-align: justify;">Pozdravljeni!</span><br style="color: #666666; font-family: tahoma, verdana, sans-serif; font-size: 12px; line-height: 16.796875px; text-align: justify;" /><br style="color: #666666; font-family: tahoma, verdana, sans-serif; font-size: 12px; line-height: 16.796875px; text-align: justify;" /><span style="color: #666666; font-family: tahoma, verdana, sans-serif; font-size: 12px; line-height: 16.796875px; text-align: justify;">V prilogah najdete obvestila o&nbsp;</span><span style="color: #666666; font-size: 12px; line-height: 16.796875px; text-align: justify; font-family: Arial;">rokih za prijavo tem in zagovorov diplomskih delo v &scaron;tudijskem letu 2012/2013 za:<br />- &scaron;tudijske programe 1. stopnje<br />- &scaron;tudijske programe 2. stopnje<br />- &scaron;tudijske programe sprejete pred 11. 6. 2004.<br /><br /><em>To obvestilo je bilo prvič objavljeno 9. 1. 2013.</em></span></p>', '2013-06-19 12:37:00', 'novica'),
(34, 1, NULL, ' Odlična predstavitev na sejmu LOS 2013 v Ljubljani', '<p>&nbsp;</p>\r\n<table style="font-family: tahoma, verdana, sans-serif; font-size: 12px; line-height: 16.796875px;" border="0" width="100%" cellspacing="0" cellpadding="0">\r\n<tbody>\r\n<tr>\r\n<td class="PortalOpisP" style="font-size: 12px; font-family: tahoma, verdana, sans-serif; line-height: 1.4em; color: #666666; text-align: justify; padding-left: 18px; padding-bottom: 2px;" valign="top" width="100%"><span style="font-size: xx-small;"><span style="font-family: Arial; font-size: small;">V času od 17. 04. 2013 do 20.04. 2013, je na Gospodarskem razstavi&scaron;ču V Ljubljani potekal že tretji Ljubljanski obrtno podjetni&scaron;ki sejem. Organizatorja sejma sta bila OZS in GR iz Ljubljane. V okviru odbora za znanost in tehnologijo in strokovne sekcije elektronikov in mehatronikov so se predstavili: FERI &ndash; Univerza v Mariboru, Fakulteta za elektrotehniko, Univerze v Ljubljani z različnimi laboratorijami, Institut Jožef Stefan z različnimi odseki, Kemijski in&scaron;titut iz Ljubljane z različnimi laboratorijami, Univerza v Novi Gorici, Univerza v Mariboru, Center odličnosti Namaste, Center odličnosti Nanocenter, SER&Scaron;, VS&Scaron; &Scaron;C Ptuj, T&Scaron;C Kranj, &Scaron;C Velenje. Sodelovala so tudi podjetja: Miel Elektronika iz Velenja, PS d.o.o iz Logatca, National Instruments Slovenija in druga. Na sejmu so bile predstavljene nove tehnologije iz različnih področji: elektronike, mehatronike, avtomatike, robotike, IKT, bionike, nanotehnologije in drugih področji. Sejem je predstavil tudi primere povezovanja gospodarstva in znanosti, ter primere dobre prakse. Medijski partnerji sejemske predstavitve so bile revije: IRT 3000, Ventil, Avtomatika, Science Illustrated, priloga Večera Kvadrati, Računalni&scaron;ke novice in drugi.</span></span></td>\r\n</tr>\r\n</tbody>\r\n</table>', '2013-06-19 12:37:32', 'novica'),
(35, 1, NULL, 'Objavljamo razpis za vpis v podiplomske študijske programe v študijskem letu 2013/2014', '<p><span style="font-family: tahoma, verdana, sans-serif; font-size: 12px; line-height: 16.796875px; text-align: justify;">31. 5. 2013 je bil na&nbsp;podlagi 40. člena Zakona o visokem &scaron;olstvu (Ur l. RS, &scaron;t. 32/2012), Pravilnika o razpisu za vpis in izvedbi vpisa v visokem &scaron;olstvu, sklepa Senata Univerze v Mariboru in pridobljenega soglasja Vlade Republike Slovenije objavljen&nbsp;RAZPIS ZA VPIS V PODIPLOMSKE &Scaron;TUDIJSKE PROGRAME V &Scaron;TUDIJSKEM LETU 2013/2014</span><br style="font-family: tahoma, verdana, sans-serif; font-size: 12px; line-height: 16.796875px; text-align: justify;" /><span style="font-family: tahoma, verdana, sans-serif; font-size: 12px; line-height: 16.796875px; text-align: justify;">&nbsp;</span><br style="font-family: tahoma, verdana, sans-serif; font-size: 12px; line-height: 16.796875px; text-align: justify;" /><span style="font-family: tahoma, verdana, sans-serif; font-size: 12px; line-height: 16.796875px; text-align: justify;">Več informacij najdete na spletni strani:&nbsp;</span><a style="color: #1c4980; font-family: tahoma, verdana, sans-serif; font-size: 12px; line-height: 16.796875px; text-align: justify;" href="http://www.feri.uni-mb.si/podrocje.aspx?id=496"><span style="font-family: Arial;">http://www.feri.uni-mb.si/podrocje.aspx?id=496</span></a></p>', '2013-06-19 12:38:06', 'novica');

INSERT INTO `vprasanje` (`id`, `rating`) VALUES
(7, 1);