INSERT INTO `User` (`id`, `email`, `username`, `vpisna_st`, `ime`, `priimek`, `password`, `datum_logina`, `enabled`, `confirmation`, `mesto`, `drzava`, `opis`, `splet`, `telefon`, `naslov`) VALUES
(1, 'admin@borkovic.com', 'admin', 'E000000', 'Admin', 'Borkovič', '$2y$14$RFN75HJ0rK4V4fAJ5jnrdeXZsiLrHAdBCuhmQY.P4dGmBDSaYZvBi', '2013-05-21 20:36:57', 1, NULL, NULL, NULL, 'To je neki dolgi opis, kao', NULL, NULL, 'To je cesta 9'),
(2, 'moderator@borkovic.com', 'moderator', 'E000001', 'Moderator', 'Borkovich', '$2y$14$RFN75HJ0rK4V4fAJ5jnrdeXZsiLrHAdBCuhmQY.P4dGmBDSaYZvBi', '2013-05-21 20:50:40', 1, NULL, NULL, 'Slovenija', NULL, NULL, '040932921', NULL),
(3, 'student@borkovic.com', 'student', 'E000002', 'Študent', 'Borkovichevich', '$2y$14$RFN75HJ0rK4V4fAJ5jnrdeXZsiLrHAdBCuhmQY.P4dGmBDSaYZvBi', '2013-05-21 20:49:25', 1, NULL, 'Maribor', NULL, NULL, 'www.kreten.si', NULL, NULL);
 
INSERT INTO `rbac_permission` (`id`, `name`) VALUES
(1, 'vprasanje_index'),
(2, 'vprasanje_pregled'),
(3, 'vprasanje_dodaj'),
(4, 'vprasanje_uredi'),
(5, 'vprasanje_brisi'),
(6, 'odgovor_dodaj'),
(7, 'user_uredi'),
(8, 'datoteke_index'),
(9, 'datoteke_pregled'),
(10, 'datoteke_dodaj'),
(11, 'datoteke_uredi'),
(12, 'datoteke_brisi'),
(13, 'datoteke_moje'),
(14, 'datoteke_download'),
(15, 'deska_dodaj'),
(16, 'user_pregled'),
(17, 'odgovor_uredi'),
(18, 'odgovor_brisi'),
(19, 'novica_index'),
(20, 'novica_pregled'),
(21, 'novica_dodaj'),
(22, 'novica_uredi'),
(23, 'novica_brisi'),
(24, 'kategorije_dodaj'),
(25, 'kategorije_pregled');
 
INSERT INTO `rbac_role` (`id`, `parent_role_id`, `name`) VALUES
(1, NULL, 'admin'),
(2, 1, 'moderator'),
(3, 2, 'student'),
(4, 3, 'anonymous');
 
INSERT INTO `rbac_role_permission` (`id`, `role_id`, `permission_id`) VALUES
(1, 4, 1),
(2, 4, 2),
(3, 3, 3),
(4, 2, 4),
(5, 2, 5),
(6, 3, 6),
(7, 1, 7),
(8, 4, 8),
(9, 4, 9),
(10, 3, 10),
(11, 2, 11),
(12, 2, 12),
(13, 3, 13),
(14, 3, 14),
(15, 2, 15),
(16, 2, 16),
(17, 2, 17),
(18, 2, 18),
(19, 4, 19),
(20, 4, 20),
(21, 3, 21),
(22, 2, 22),
(23, 2, 23),
(24, 2, 24),
(25, 2, 25);
 
INSERT INTO `rbac_user_roles` (`user_id`, `role_id`) VALUES
(1, 1),
(2, 2),
(3, 3);

INSERT INTO `Kategorija` (`id`, `ime`) VALUES
(1, 'Računalniška omrežja'),
(2, 'Podatkovne baze'),
(3, 'Uporabniški vmesniki'),
(4, 'Razvoj programskih sistemov'),
(5, 'Razvoj aplikacij za internet'),
(6, 'Logične strukture in sistemi'),
(7, 'Obdelava geometrijskih podatko'),
(8, 'Prevajalniki'),
(9, 'Metode umetne inteligence'),
(10, 'Sistemska administracija'),
(11, 'Namenska programska oprema'),
(12, 'Osnove računalniškega vida'),
(13, 'Računalniška grafika in animac'),
(14, 'Strojno učenje in iskanje nove'),
(15, 'Računalniška večpredstavnost'),
(16, 'Varnost in zaščita'),
(17, 'Integracijsko programiranje'),
(18, 'Načrtovanje računalniških sist'),
(19, 'Uvod v vgrajene sisteme'),
(20, 'Uvod v evolucijske algoritme'),
(21, 'Preizkušanje strojne in progra'),
(22, 'Vodenje, inovativnost in preno'),
(23, 'Praktično usposabljanje'),
(24, 'Diplomsko delo'),
(25, 'Matematika II'),
(26, 'Osnove statistike'),
(27, 'Podatkovne strukture'),
(28, 'Razvoj in gradnja informacijsk'),
(29, 'Angleščina - jezik stroke'),
(30, 'Osnove računalniških sistemov'),
(31, 'Programiranje I');

INSERT INTO `profesor` (`id`, `sifra`, `priimek_ime`, `naziv`, `habilitacija`, `email`, `priimek`, `ime`, `dtype`) VALUES
(9914, 10005, 'BABIC RUDOLF', 'dr.', 'izr. prof.', 'rudolf.babic@uni-mb.si', 'BABIC', 'RUDOLF', 'profesor'),
(9915, 10007, 'URAN SUZANA', 'dr.', 'doc.', 'suzana.uran@uni-mb.si', 'URAN', 'SUZANA', 'profesor'),
(9916, 10008, 'BONACIĆ DAVOR', 'mag.', 'viS. pred.', 'bonacic@uni-mb.si', 'BONACIĆ', 'DAVOR', 'profesor'),
(9925, 10031, 'MATKO VOJKO', 'dr.', 'izr. prof.', 'vojko.matko@um.si', 'MATKO', 'VOJKO', 'profesor'),
(9928, 10036, 'CURK BORIS', 'dr.', 'doc.', 'boris.curk@uni-mb.si', 'CURK', 'BORIS', 'profesor'),
(9930, 10039, 'HORVAT BOGOMIR', 'dr.', 'red. prof.', 'bogo.horvat@uni-mb.si', 'HORVAT', 'BOGOMIR', 'profesor'),
(9932, 10042, 'KEZMAH BOSTJAN', 'mag.', 'viS. pred.', 'bostjan.kezmah@uni-mb.si', 'KEZMAH', 'BOSTJAN', 'profesor'),
(9933, 10043, 'KLAJNSEK GREGOR', 'dr.', 'doc.', 'gregor.klajnsek@uni-mb.si', 'KLAJNSEK', 'GREGOR', 'profesor'),
(9935, 10046, 'JEZERNIK KAREL', 'dr.', 'red. prof.', 'karel.jezernik@uni-mb.si', 'JEZERNIK', 'KAREL', 'profesor'),
(9936, 10048, 'VRBANEC JOSIP', 'mag.', NULL, 'josip.vrbanec@uni-mb.si', 'VRBANEC', 'JOSIP', 'profesor'),
(9943, 10061, 'BREGANT ALBIN', 'mag.', 'asist.', 'albin.bregant@uni-mb.si', 'BREGANT', 'ALBIN', 'profesor'),
(9944, 10062, 'HERCOG DARKO', 'dr.', 'doc.', 'darko.hercog@um.si', 'HERCOG', 'DARKO', 'profesor'),
(9945, 10063, 'KITAK PETER', 'dr.', 'doc.', 'peter.kitak@uni-mb.si', 'KITAK', 'PETER', 'profesor'),
(9947, 10066, 'KUMPERSCAK VITODRAG', 'dr.', 'red. prof.', 'vito.kumperscak@uni-mb.si', 'KUMPERSCAK', 'VITODRAG', 'profesor'),
(9948, 10067, 'KUTNJAK MILAN', 'mag.', 'viS. pred.', 'milan.kutnjak@uni-mb.si', 'KUTNJAK', 'MILAN', 'profesor'),
(9951, 10071, 'ANGLEITNER GERHARD', 'mag.', NULL, 'gerhard.angleitner@uni-mb.si', 'ANGLEITNER', 'GERHARD', 'profesor'),
(9952, 100161, 'TERBUC MARTIN', 'dr.', NULL, 'martin.terbuc@uni-mb.si', 'TERBUC', 'MARTIN', 'profesor'),
(9953, 10079, 'MIKOLA LADISLAV', 'mag.', 'viS. pred.', 'ladislav.mikola@uni-mb.si', 'MIKOLA', 'LADISLAV', 'profesor'),
(9955, 10083, 'KACIC ZDRAVKO', 'dr.', 'red. prof.', 'zdravko.kacic@um.si', 'KACIC', 'ZDRAVKO', 'profesor'),
(9961, 10101, 'ZAGRADISNIK IVAN', 'dr.', 'red. prof.', 'ivan.zagradisnik@uni-mb.si', 'ZAGRADISNIK', 'IVAN', 'profesor'),
(9962, 10106, 'DOLINAR DRAGO', 'dr.', 'red. prof.', 'dolinar@uni-mb.si', 'DOLINAR', 'DRAGO', 'profesor'),
(9963, 10109, 'WELZER DRUZOVEC TATJANA', 'dr.', 'red. prof.', 'tatjana.welzer@um.si', 'WELZER DRUZOVEC', 'TATJANA', 'profesor'),
(9966, 10117, 'OJSTERSEK MILAN', 'dr.', 'izr. prof.', 'ojstersek@uni-mb.si', 'OJSTERSEK', 'MILAN', 'profesor'),
(9969, 10130, 'TOVORNIK BORIS', 'dr.', 'izr. prof.', 'boris.tovornik@uni-mb.si', 'TOVORNIK', 'BORIS', 'profesor'),
(9970, 10132, 'VORSIC JOSIP', 'dr.', 'red. prof.', 'vorsic@uni-mb.si', 'VORSIC', 'JOSIP', 'profesor'),
(9972, 10145, 'ZUMER VILJEM', 'dr.', 'red. prof.', 'zumer@uni-mb.si', 'ZUMER', 'VILJEM', 'profesor'),
(9977, 10161, 'HARNIK JOZE', NULL, NULL, 'joze.harnik@uni-mb.si', 'HARNIK', 'JOZE', 'profesor'),
(9978, 10163, 'TRLEP MLADEN', 'dr.', 'red. prof.', 'mladen.trlep@uni-mb.si', 'TRLEP', 'MLADEN', 'profesor'),
(9979, 10167, 'TICAR IGOR', 'dr.', 'red. prof.', 'ticar@uni-mb.si', 'TICAR', 'IGOR', 'profesor'),
(9980, 10175, 'MILANOVIC MIRO', 'dr.', 'red. prof.', 'miro.milanovic@um.si', 'MILANOVIC', 'MIRO', 'profesor'),
(9983, 10188, 'ROZMAN IVAN', 'dr.', 'red. prof.', 'i.rozman@uni-mb.si', 'ROZMAN', 'IVAN', 'profesor'),
(9990, 10208, 'CAFUTA PETER', 'dr.', 'doc.', 'peter.cafuta@uni-mb.si', 'CAFUTA', 'PETER', 'profesor'),
(9992, 10214, 'DOGSA TOMAZ', 'dr.', 'doc.', 'tdogsa@uni-mb.si', 'DOGSA', 'TOMAZ', 'profesor'),
(9996, 10227, 'NOVAK BOJAN', 'dr.', 'viS. pred.', 'novakb@uni-mb.si', 'NOVAK', 'BOJAN', 'profesor'),
(9998, 10232, 'GRCAR BOJAN', 'dr.', 'red. prof.', 'bojan.grcar@uni-mb.si', 'GRCAR', 'BOJAN', 'profesor'),
(10000, 10235, 'GUID NIKOLA', 'dr.', 'red. prof.', 'guid@uni-mb.si', 'GUID', 'NIKOLA', 'profesor'),
(10001, 10236, 'ALATIC BOJAN', 'mag.', NULL, 'bojan.alatic@uni-mb.si', 'ALATIC', 'BOJAN', 'profesor'),
(10012, 10269, 'COLNARIC MATJAZ', 'dr.', 'red. prof.', 'colnaric@uni-mb.si', 'COLNARIC', 'MATJAZ', 'profesor'),
(10015, 10277, 'JURKOVIC FRANC', 'dr.', 'viS. pred.', 'franc.jurkovic@uni-mb.si', 'JURKOVIC', 'FRANC', 'profesor'),
(10017, 10279, 'POGORELC JANEZ', 'mag.', 'viS. pred.', 'janez.pogorelc@uni-mb.si', 'POGORELC', 'JANEZ', 'profesor'),
(10026, 10305, 'GYÖRKÖS JOZSEF', 'dr.', 'red. prof.', 'jozsef.gyorkos@uni-mb.si', 'GYÖRKÖS', 'JOZSEF', 'profesor'),
(10027, 10309, 'CUCEJ ZARKO', 'dr.', 'red. prof.', 'zarko.cucej@uni-mb.si', 'CUCEJ', 'ZARKO', 'profesor'),
(10032, 10321, 'SVECKO RAJKO', 'dr.', 'izr. prof.', 'rajko.svecko@uni-mb.si', 'SVECKO', 'RAJKO', 'profesor'),
(10035, 10331, 'CURKOVIC MILAN', 'mag.', NULL, 'milan.curkovic@uni-mb.si', 'CURKOVIC', 'MILAN', 'profesor'),
(10036, 10332, 'SOLAR MITJA', 'dr.', 'viS. pred.', 'mitja.solar@uni-mb.si', 'SOLAR', 'MITJA', 'profesor'),
(10037, 10333, 'BREZOCNIK ZMAGO', 'dr.', 'red. prof.', 'brezocnik@uni-mb.si', 'BREZOCNIK', 'ZMAGO', 'profesor'),
(10039, 10336, 'HAMLER ANTON', 'dr.', 'red. prof.', 'anton.hamler@uni-mb.si', 'HAMLER', 'ANTON', 'profesor'),
(10045, 10357, 'ZALIK BORUT', 'dr.', 'red. prof.', 'borut.zalik@um.si', 'ZALIK', 'BORUT', 'profesor'),
(10049, 10364, 'SAFARIC RIKO', 'dr.', 'red. prof.', 'riko.safaric@uni-mb.si', 'SAFARIC', 'RIKO', 'profesor'),
(10051, 10369, 'TEZAK OTO', 'dr.', NULL, 'tezak@uni-mb.si', 'TEZAK', 'OTO', 'profesor'),
(10052, 10371, 'PLANINSIC PETER', 'dr.', 'izr. prof.', 'peter.planinsic@uni-mb.si', 'PLANINSIC', 'PETER', 'profesor'),
(10056, 10390, 'LOGAR MARJAN', 'dr.', 'doc.', 'marjan.logar@uni-mb.si', 'LOGAR', 'MARJAN', 'profesor'),
(10057, 10391, 'LESNJAK GORAZD', 'dr.', 'izr. prof.', 'gorazd.lesnjak@uni-mb.si', 'LESNJAK', 'GORAZD', 'profesor'),
(10060, 10409, 'RITONJA JOZEF', 'dr.', 'izr. prof.', 'joze.ritonja@uni-mb.si', 'RITONJA', 'JOZEF', 'profesor'),
(10061, 10421, 'MERNIK MARJAN', 'dr.', 'red. prof.', 'marjan.mernik@uni-mb.si', 'MERNIK', 'MARJAN', 'profesor'),
(10062, 10422, 'DEBEVC MATJAZ', 'dr.', 'izr. prof.', 'matjaz.debevc@um.si', 'DEBEVC', 'MATJAZ', 'profesor'),
(10066, 10438, 'PETEK TATJANA', 'dr.', 'izr. prof.', 'tatjana.petek@uni-mb.si', 'PETEK', 'TATJANA', 'profesor'),
(10068, 10447, 'DUGONIK BOGDAN', 'dr.', 'viS. pred.', 'bogdan.dugonik@uni-mb.si', 'DUGONIK', 'BOGDAN', 'profesor'),
(10070, 10452, 'DRUZOVEC MARJAN', 'dr.', 'izr. prof.', 'marjan.druzovec@uni-mb.si', 'DRUZOVEC', 'MARJAN', 'profesor'),
(10073, 10456, 'ZAZULA DAMJAN', 'dr.', 'red. prof.', 'zazula@uni-mb.si', 'ZAZULA', 'DAMJAN', 'profesor'),
(10077, 10465, 'VERBER DOMEN', 'dr.', 'doc.', 'domen.verber@uni-mb.si', 'VERBER', 'DOMEN', 'profesor'),
(10081, 10476, 'KAPUS TATJANA', 'dr.', 'red. prof.', 'tatjana.kapus@um.si', 'KAPUS', 'TATJANA', 'profesor'),
(10085, 10490, 'PIHLER JOZE', 'dr.', 'red. prof.', 'joze.pihler@uni-mb.si', 'PIHLER', 'JOZE', 'profesor'),
(10090, 10615, 'JAKL FRANC', NULL, 'izr. prof.', 'franc.jakl@uni-mb.si', 'JAKL', 'FRANC', 'profesor'),
(10095, 10725, 'GAMS MATJAZ', NULL, NULL, 'matjaz.gams@uni-mb.si', 'GAMS', 'MATJAZ', 'profesor'),
(10096, 10843, 'ZUNKO PETER', 'dr.', NULL, NULL, 'ZUNKO', 'PETER', 'profesor'),
(10097, 11031, 'KRISPER MARJAN', 'dr.', NULL, NULL, 'KRISPER', 'MARJAN', 'profesor'),
(10098, 11038, 'LEP JOZE', NULL, NULL, NULL, 'LEP', 'JOZE', 'profesor'),
(10100, 11138, 'JENUS VLADIMIR', 'mag.', 'pred.', 'vladimir.jenus@telekom.si', 'JENUS', 'VLADIMIR', 'profesor'),
(10107, 11809, 'DOBNIKAR ANDREJ', NULL, NULL, 'andrej.dobnikar@uni-mb.si', 'DOBNIKAR', 'ANDREJ', 'profesor'),
(10109, 11995, 'JAGODIC MARKO', 'dr.', NULL, 'marko.jagodic@uni-mb.si', 'JAGODIC', 'MARKO', 'profesor'),
(10117, 12423, 'STIGLIC BRUNO', NULL, NULL, 'bruno.stiglic@uni-mb.si', 'STIGLIC', 'BRUNO', 'profesor'),
(10122, 12511, 'KAPUS-KOLAR MONIKA', NULL, NULL, NULL, 'KAPUS-KOLAR', 'MONIKA', 'profesor'),
(10129, 12840, 'STRMCNIK STANKO', NULL, NULL, NULL, 'STRMCNIK', 'STANKO', 'profesor'),
(10131, 12858, 'ĐONLAGIĆ DALI', NULL, NULL, NULL, 'ĐONLAGIĆ', 'DALI', 'profesor'),
(10134, 13116, 'CRNJAC ANTE', NULL, NULL, NULL, 'CRNJAC', 'ANTE', 'profesor'),
(10153, 13415, 'LENIC MITJA', 'dr.', 'asist.', 'mitja.lenic@uni-mb.si', 'LENIC', 'MITJA', 'profesor'),
(10161, 13475, 'DUHOVNIK JANEZ', NULL, NULL, NULL, 'DUHOVNIK', 'JANEZ', 'profesor'),
(10165, 13534, 'PERNUS FRANJO', NULL, NULL, NULL, 'PERNUS', 'FRANJO', 'profesor'),
(10166, 13557, 'ZUNKOVIC MATEJ', NULL, NULL, NULL, 'ZUNKOVIC', 'MATEJ', 'profesor'),
(10168, 13564, 'CREPINSEK MATEJ', 'dr.', 'doc.', 'matej.crepinsek@uni-mb.si', 'CREPINSEK', 'MATEJ', 'profesor'),
(10170, 13573, 'ROZMAN TOMISLAV', 'dr.', NULL, 'tomi.rozman@uni-mb.si', 'ROZMAN', 'TOMISLAV', 'profesor'),
(10172, 13598, 'BESTER JANEZ', NULL, NULL, NULL, 'BESTER', 'JANEZ', 'profesor'),
(10177, 16241, 'NOVAK FRANC', 'dr.', 'red. prof.', 'franc.novak@uni-mb.si', 'NOVAK', 'FRANC', 'profesor'),
(10184, 13696, 'HERIC DUSAN', 'dr.', 'doc.', 'dusan.heric@uni-mb.si', 'HERIC', 'DUSAN', 'profesor'),
(10189, 13719, 'PLOJ BOJAN', NULL, NULL, 'bojan.ploj@uni-mb.si', 'PLOJ', 'BOJAN', 'profesor'),
(10194, 13754, 'KOSAR TOMAZ', 'dr.', 'doc.', 'tomaz.kosar@uni-mb.si', 'KOSAR', 'TOMAZ', 'profesor'),
(10195, 13755, 'POLANCIC GREGOR', 'dr.', 'doc.', 'gregor.polancic@um.si', 'POLANCIC', 'GREGOR', 'profesor'),
(10198, 13778, 'BRUMEC MILAN', NULL, NULL, NULL, 'BRUMEC', 'MILAN', 'profesor'),
(10200, 13808, 'DONCARLI CHRISTIAN', NULL, NULL, NULL, 'DONCARLI', 'CHRISTIAN', 'profesor'),
(10202, 13858, 'KONONENKO IGOR', NULL, NULL, NULL, 'KONONENKO', 'IGOR', 'profesor'),
(10213, 13992, 'FILIPIC BOGDAN', NULL, NULL, NULL, 'FILIPIC', 'BOGDAN', 'profesor'),
(10229, 15009, 'ORGULAN ANDREJ', 'mag.', 'viS. pred.', 'andrej.orgulan@um.si', 'ORGULAN', 'ANDREJ', 'profesor'),
(10230, 15010, 'STUMBERGER GORAZD', 'dr.', 'red. prof.', 'gorazd.stumberger@uni-mb.si', 'STUMBERGER', 'GORAZD', 'profesor'),
(10234, 15020, 'MIHALIC FRANC', 'dr.', 'izr. prof.', 'fero@uni-mb.si', 'MIHALIC', 'FRANC', 'profesor'),
(10235, 15023, 'HERICKO MARJAN', 'dr.', 'red. prof.', 'marjan.hericko@uni-mb.si', 'HERICKO', 'MARJAN', 'profesor'),
(10236, 15024, 'HORVAT MIRAN', 'mag.', NULL, NULL, 'HORVAT', 'MIRAN', 'profesor'),
(10238, 15035, 'KORZE DANILO', 'dr.', 'doc.', 'danilo.korze@um.si', 'KORZE', 'DANILO', 'profesor'),
(10241, 15047, 'MUSKINJA NENAD', 'dr.', 'izr. prof.', 'nenad.muskinja@uni-mb.si', 'MUSKINJA', 'NENAD', 'profesor'),
(10245, 15057, 'VAJDE HORVAT ROMANA', 'dr.', 'doc.', 'romana.vajde@uni-mb.si', 'VAJDE HORVAT', 'ROMANA', 'profesor'),
(10246, 15061, 'GOLOB MARJAN', 'dr.', 'izr. prof.', 'marjan.golob@um.si', 'GOLOB', 'MARJAN', 'profesor'),
(10247, 15065, 'BALAN FILIP SAMO', 'mag.', NULL, 'balan@uni-mb.si', 'BALAN FILIP', 'SAMO', 'profesor'),
(10248, 15069, 'HREN ALENKA', 'dr.', 'doc.', 'alenka.hren@uni-mb.si', 'HREN', 'ALENKA', 'profesor'),
(10249, 15070, 'MOHORKO JOZE', 'dr.', 'doc.', 'mohorko@uni-mb.si', 'MOHORKO', 'JOZE', 'profesor'),
(10255, 15082, 'SLEMNIK BOJAN', 'mag.', NULL, 'bojan.slemnik@uni-mb.si', 'SLEMNIK', 'BOJAN', 'profesor'),
(10260, 15104, 'LIPNIK GORAZD', NULL, NULL, NULL, 'LIPNIK', 'GORAZD', 'profesor'),
(10268, 15137, 'JESENIK MARKO', 'dr.', 'doc.', 'jesenik@uni-mb.si', 'JESENIK', 'MARKO', 'profesor'),
(10273, 15148, 'KVAS ALEKSANDER', 'mag.', NULL, 'aleksander.kvas@uni-mb.si', 'KVAS', 'ALEKSANDER', 'profesor'),
(10278, 15161, 'JARC BOJAN', 'dr.', 'doc.', 'bojan.jarc@uni-mb.si', 'JARC', 'BOJAN', 'profesor'),
(10281, 15171, 'GERGIC BOJAN', 'dr.', 'doc.', 'bojan.gergic@uni-mb.si', 'GERGIC', 'BOJAN', 'profesor'),
(10284, 15180, 'KOROSEC DEAN', 'dr.', 'pred.', 'dean.korosec@uni-mb.si', 'KOROSEC', 'DEAN', 'profesor'),
(10292, 15198, 'BREST JANEZ', 'dr.', 'red. prof.', 'janez.brest@uni-mb.si', 'BREST', 'JANEZ', 'profesor'),
(10301, 15216, 'STERGAR JANEZ', 'dr.', 'doc.', 'janez.stergar@uni-mb.si', 'STERGAR', 'JANEZ', 'profesor'),
(10303, 15221, 'ĐONLAGIĆ DENIS', 'ddr.', 'red. prof.', 'ddonlagic@uni-mb.si', 'ĐONLAGIĆ', 'DENIS', 'profesor'),
(10307, 15234, 'DUH ANDREJ', 'dr.', NULL, 'andrej.duh@uni-mb.si', 'DUH', 'ANDREJ', 'profesor'),
(10308, 15235, 'ZIVKOVIC ALES', 'dr.', 'izr. prof.', 'ales.zivkovic@uni-mb.si', 'ZIVKOVIC', 'ALES', 'profesor'),
(10310, 15239, 'HACE ALES', 'dr.', 'izr. prof.', 'ales.hace@uni-mb.si', 'HACE', 'ALES', 'profesor'),
(10314, 15248, 'HLEB BABIC SPELA', 'dr.', NULL, NULL, 'HLEB BABIC', 'SPELA', 'profesor'),
(10317, 15254, 'CHOWDHURY AMER UL HAQUE', 'dr.', 'asist.', 'amor.chowdhury@uni-mb.si', 'CHOWDHURY', 'AMER UL HAQUE', 'profesor'),
(10318, 15261, 'KUZMA BOJAN', 'dr.', NULL, 'bojan.kuzma@uni-mb.si', 'KUZMA', 'BOJAN', 'profesor'),
(10324, 15278, 'KORITNIK DARKO', 'mag.', NULL, 'darko.koritnik@icem-tc.si', 'KORITNIK', 'DARKO', 'profesor'),
(10332, 15293, 'POTOCNIK BOZIDAR', 'dr.', 'izr. prof.', 'bozo.potocnik@uni-mb.si', 'POTOCNIK', 'BOZIDAR', 'profesor'),
(10333, 15294, 'PODGORELEC DAVID', 'dr.', 'doc.', 'david.podgorelec@uni-mb.si', 'PODGORELEC', 'DAVID', 'profesor'),
(10335, 15299, 'MAZI LESKOVAR DARJA', 'dr.', 'izr. prof.', 'darja.leskovar@uni-mb.si', 'MAZI LESKOVAR', 'DARJA', 'profesor'),
(10336, 15301, 'PODGORELEC VILI', 'dr.', 'red. prof.', 'vili.podgorelec@uni-mb.si', 'PODGORELEC', 'VILI', 'profesor'),
(10337, 15302, 'KOLMANIC SIMON', 'dr.', 'viS. pred.', 'simon.kolmanic@uni-mb.si', 'KOLMANIC', 'SIMON', 'profesor'),
(10338, 15304, 'HANZIC ANDREJ', 'mag.', NULL, 'andrej.hanzic@uni-mb.si', 'HANZIC', 'ANDREJ', 'profesor'),
(10340, 15310, 'GAJZER MATEJ', 'mag.', NULL, 'matej.gajzer@uni-mb.si', 'GAJZER', 'MATEJ', 'profesor'),
(10343, 15317, 'URLEP EVGEN', 'dr.', 'asist.', 'evgen.urlep@uni-mb.si', 'URLEP', 'EVGEN', 'profesor'),
(10344, 15318, 'BRUMEN BOSTJAN', 'dr.', 'doc.', 'bostjan.brumen@um.si', 'BRUMEN', 'BOSTJAN', 'profesor'),
(10346, 15327, 'KRUSEC ROBERT', NULL, NULL, 'robert.krusec@uni-mb.si', 'KRUSEC', 'ROBERT', 'profesor'),
(10354, 15342, 'RATEJ BORIS', NULL, NULL, 'boris.ratej@uni-mb.si', 'RATEJ', 'BORIS', 'profesor'),
(10355, 15344, 'OSEBIK DAVORIN', 'dr.', NULL, 'davorin.osebik@uni-mb.si', 'OSEBIK', 'DAVORIN', 'profesor'),
(10360, 15350, 'ZORMAN MILAN', 'dr.', 'red. prof.', 'milan.zorman@uni-mb.si', 'ZORMAN', 'MILAN', 'profesor'),
(10362, 15359, 'MEOLIC ROBERT', 'dr.', 'doc.', 'meolic@uni-mb.si', 'MEOLIC', 'ROBERT', 'profesor'),
(10363, 15361, 'RODIC MIRAN', 'dr.', 'doc.', 'miran.rodic@uni-mb.si', 'RODIC', 'MIRAN', 'profesor'),
(10364, 15365, 'BELOGLAVEC SIMON', NULL, NULL, 'simon.beloglavec@uni-mb.si', 'BELOGLAVEC', 'SIMON', 'profesor'),
(10365, 15367, 'SALAMON MATEJ', 'dr.', 'doc.', 'matej.salamon@uni-mb.si', 'SALAMON', 'MATEJ', 'profesor'),
(10369, 15372, 'SEPESY MAUCEC MIRJAM', 'dr.', 'izr. prof.', 'mirjam.sepesy@uni-mb.si', 'SEPESY MAUCEC', 'MIRJAM', 'profesor'),
(10370, 15373, 'ROJKO ANDREJA', 'dr.', 'doc.', 'andreja.rojko@uni-mb.si', 'ROJKO', 'ANDREJA', 'profesor'),
(10373, 15377, 'ROJC MATEJ', 'dr.', 'izr. prof.', 'matej.rojc@uni-mb.si', 'ROJC', 'MATEJ', 'profesor'),
(10374, 15378, 'KRAMBERGER IZTOK', 'dr.', 'doc.', 'iztok.kramberger@um.si', 'KRAMBERGER', 'IZTOK', 'profesor'),
(10375, 15379, 'STRNAD DAMJAN', 'dr.', 'izr. prof.', 'damjan.strnad@uni-mb.si', 'STRNAD', 'DAMJAN', 'profesor'),
(10382, 15397, 'BIZJAK BORIS', 'mag.', 'viS. pred.', 'boris.bizjak@uni-mb.si', 'BIZJAK', 'BORIS', 'profesor'),
(10385, 15403, 'POLAJZER BOSTJAN', 'dr.', 'izr. prof.', 'bostjan.polajzer@uni-mb.si', 'POLAJZER', 'BOSTJAN', 'profesor'),
(10389, 15409, 'GOMBOSI MATEJ', 'dr.', 'doc.', 'matej.gombosi@uni-mb.si', 'GOMBOSI', 'MATEJ', 'profesor'),
(10391, 15413, 'LESKOVAR ROBERT', NULL, NULL, NULL, 'LESKOVAR', 'ROBERT', 'profesor'),
(10399, 15426, 'PETERIN IZTOK', 'dr.', 'izr. prof.', 'iztok.peterin@uni-mb.si', 'PETERIN', 'IZTOK', 'profesor'),
(10411, 15452, 'EDELBAHER GREGOR', 'dr.', NULL, 'gregor.edelbaher@uni-mb.si', 'EDELBAHER', 'GREGOR', 'profesor'),
(10413, 15466, 'STRNAD JASNA', 'mag.', 'asist.', 'jasna.strnad@uni-mb.si', 'STRNAD', 'JASNA', 'profesor'),
(10419, 15479, 'ZGANK ANDREJ', 'dr.', 'izr. prof.', 'andrej.zgank@uni-mb.si', 'ZGANK', 'ANDREJ', 'profesor'),
(10420, 15480, 'GORENJAK BORUT', 'mag.', NULL, 'borut.gorenjak@uni-mb.si', 'GORENJAK', 'BORUT', 'profesor'),
(10421, 15481, 'CIGALE BORIS', 'dr.', 'doc.', 'boris.cigale@uni-mb.si', 'CIGALE', 'BORIS', 'profesor'),
(10422, 15482, 'REBERNAK DAMIJAN', 'dr.', NULL, 'damijan.rebernak@uni-mb.si', 'REBERNAK', 'DAMIJAN', 'profesor'),
(10423, 15483, 'CAJIĆ ZLATKO', NULL, NULL, 'zlatko.cajic@uni-mb.si', 'CAJIĆ', 'ZLATKO', 'profesor'),
(10427, 15489, 'GOLOB IZIDOR', 'dr.', NULL, 'izidor.golob@uni-mb.si', 'GOLOB', 'IZIDOR', 'profesor'),
(10428, 15492, 'VLAOVIC BOSTJAN', 'dr.', 'doc.', 'bostjan.vlaovic@uni-mb.si', 'VLAOVIC', 'BOSTJAN', 'profesor'),
(10429, 15493, 'BREGAR ANDREJ', 'dr.', NULL, 'andrej.bregar@uni-mb.si', 'BREGAR', 'ANDREJ', 'profesor'),
(10430, 15494, 'SPROGAR MATEJ', 'dr.', 'doc.', 'matej.sprogar@uni-mb.si', 'SPROGAR', 'MATEJ', 'profesor'),
(10440, 15510, 'BRESAR FRANC', 'dr.', NULL, NULL, 'BRESAR', 'FRANC', 'profesor'),
(10442, 15512, 'BOSKOVIĆ BORKO', 'dr.', 'doc.', 'borko.boskovic@uni-mb.si', 'BOSKOVIĆ', 'BORKO', 'profesor'),
(10443, 15513, 'SUMAK BOSTJAN', 'dr.', 'doc.', 'bostjan.sumak@uni-mb.si', 'SUMAK', 'BOSTJAN', 'profesor'),
(10447, 15526, 'GLEICH DUSAN', 'dr.', 'izr. prof.', 'dusan.gleich@uni-mb.si', 'GLEICH', 'DUSAN', 'profesor'),
(10457, 15545, 'DIVJAK MATJAZ', 'dr.', 'asist.', 'matjaz.divjak@uni-mb.si', 'DIVJAK', 'MATJAZ', 'profesor'),
(10458, 15546, 'SCHAFF ERVIN', 'mag.', NULL, 'schaff@uni-mb.si', 'SCHAFF', 'ERVIN', 'profesor'),
(10459, 15547, 'TEPEH ALEKSANDRA', 'dr.', 'doc.', 'aleksandra.tepeh@uni-mb.si', 'TEPEH', 'ALEKSANDRA', 'profesor'),
(10463, 15552, 'VLAJ DAMJAN', 'dr.', 'doc.', 'damjan.vlaj@uni-mb.si', 'VLAJ', 'DAMJAN', 'profesor'),
(10468, 15568, 'CIBULA EDVARD', 'dr.', 'doc.', 'edvard.cibula@uni-mb.si', 'CIBULA', 'EDVARD', 'profesor'),
(10469, 15570, 'KRIVOGRAD SEBASTIAN', 'dr.', 'doc.', 'sebastian.krivograd@uni-mb.si', 'KRIVOGRAD', 'SEBASTIAN', 'profesor'),
(10470, 15571, 'ROTOVNIK TOMAZ', 'dr.', 'doc.', 'tomaz.rotovnik@uni-mb.si', 'ROTOVNIK', 'TOMAZ', 'profesor'),
(10471, 15573, 'HORVAT BRANKO', 'mag.', NULL, 'branko.horvat@uni-mb.si', 'HORVAT', 'BRANKO', 'profesor'),
(10472, 15574, 'HOLOBAR ALES', 'dr.', 'izr. prof.', 'ales.holobar@uni-mb.si', 'HOLOBAR', 'ALES', 'profesor'),
(10473, 15575, 'VICMAN PETER', NULL, NULL, 'peter.vicman@uni-mb.si', 'VICMAN', 'PETER', 'profesor'),
(10482, 15647, 'RIBIC JANEZ', 'dr.', 'asist.', 'janez.ribic@um.si', 'RIBIC', 'JANEZ', 'profesor'),
(10484, 15654, 'PUSNIK MAJA', NULL, 'asist.', 'maja.pusnik@uni-mb.si', 'PUSNIK', 'MAJA', 'profesor'),
(10485, 15658, 'UDIR MISIC KATJA', 'mag.', 'asist.', 'katja.udir@uni-mb.si', 'UDIR MISIC', 'KATJA', 'profesor'),
(10487, 15664, 'SINJUR SMILJAN', 'dr.', 'asist.', 'smiljan.sinjur@uni-mb.si', 'SINJUR', 'SMILJAN', 'profesor'),
(10489, 15668, 'GREINER SASO', 'dr.', 'asist.', 'saso.greiner@uni-mb.si', 'GREINER', 'SASO', 'profesor'),
(10490, 15670, 'OSTROVRSNIK ROK', 'mag.', 'asist.', 'rok.ostrovrsnik@uni-mb.si', 'OSTROVRSNIK', 'ROK', 'profesor'),
(10496, 15698, 'KORAK ANDREJ', 'mag.', 'asist.', 'andrej.korak@uni-mb.si', 'KORAK', 'ANDREJ', 'profesor'),
(10502, 15726, 'KAMISALIĆ LATIFIĆ AIDA', NULL, 'asist.', 'aida.kamisalic@uni-mb.si', 'KAMISALIĆ LATIFIĆ', 'AIDA', 'profesor'),
(10505, 15755, 'TEKAVC MARKO', NULL, NULL, 'marko.tekavc@uni-mb.si', 'TEKAVC', 'MARKO', 'profesor'),
(10506, 15759, 'MILETIĆ DEJAN', NULL, NULL, 'dejan.miletic@uni-mb.si', 'MILETIĆ', 'DEJAN', 'profesor'),
(10507, 15763, 'HÖLBL MARKO', 'dr.', 'doc.', 'marko.holbl@um.si', 'HÖLBL', 'MARKO', 'profesor'),
(10508, 15766, 'ZILIC FISER SUZANA', 'dr.', 'doc.', 'suzanazf@uni-mb.si', 'ZILIC FISER', 'SUZANA', 'profesor'),
(10511, 15793, 'ZAJC MELITA', 'dr.', 'doc.', 'melita.zajc@uni-mb.si', 'ZAJC', 'MELITA', 'profesor'),
(10514, 15838, 'LAH BRANKO', NULL, 'uC.Sp.vzgoje', 'branko.lah@uni-mb.si', 'LAH', 'BRANKO', 'profesor'),
(10516, 15847, 'IVANISIN MARKO', 'dr.', 'doc.', 'marko.ivanisin@uni-mb.si', 'IVANISIN', 'MARKO', 'profesor'),
(10517, 15848, 'PAVLIC LUKA', 'dr.', 'asist.', 'luka.pavlic@uni-mb.si', 'PAVLIC', 'LUKA', 'profesor'),
(10518, 15849, 'SARJAS ANDREJ', 'dr.', 'asist.', 'andrej.sarjas@uni-mb.si', 'SARJAS', 'ANDREJ', 'profesor'),
(10521, 15889, 'TOMAZIC TINA', 'dr.', 'asist.', 'tina.tomazic@uni-mb.si', 'TOMAZIC', 'TINA', 'profesor'),
(10522, 15897, 'ISTENIC ROK', 'dr.', 'asist.', 'rok.istenic@uni-mb.si', 'ISTENIC', 'ROK', 'profesor'),
(10523, 16007, 'ARLIC PETER', NULL, NULL, NULL, 'ARLIC', 'PETER', 'profesor'),
(10524, 16008, 'MEDVED ZORAN', 'mag.', 'asist.', NULL, 'MEDVED', 'ZORAN', 'profesor'),
(10525, 16009, 'URBAS UROS', NULL, NULL, NULL, 'URBAS', 'UROS', 'profesor'),
(10526, 16010, 'PETELINSEK ANTON', NULL, NULL, NULL, 'PETELINSEK', 'ANTON', 'profesor'),
(10527, 16011, 'ZIROVNIK CVETKA', 'mag.', NULL, NULL, 'ZIROVNIK', 'CVETKA', 'profesor'),
(10781, 60177, 'COBAL BOGDAN', NULL, NULL, 'bogdan.cobal@gmail.com', 'COBAL', 'BOGDAN', 'profesor'),
(10994, 65034, 'GRUBELNIK VLADIMIR', 'dr.', 'doc.', 'vlado.grubelnik@uni-mb.si', 'GRUBELNIK', 'VLADIMIR', 'profesor'),
(11022, 66073, 'VEBER ZAZULA JASNA', NULL, NULL, 'jasna.veber-zazula@uni-mb.si', 'VEBER ZAZULA', 'JASNA', 'profesor'),
(11083, 70437, 'LAMPE ROK', 'dr.', NULL, 'rok.lampe@uni-mb.si', 'LAMPE', 'ROK', 'profesor'),
(11153, 80312, 'MOCNIK DIJANA', 'dr.', 'izr. prof.', 'dijana.mocnik@um.si', 'MOCNIK', 'DIJANA', 'profesor'),
(11234, 90098, 'POTOCNIK NATASA', 'dr.', 'lekt.', 'natasa.potocnik@um.si', 'POTOCNIK', 'NATASA', 'profesor'),
(11288, 94951, 'KOKOL PETER', 'dr.', 'red. prof.', 'peter.kokol@um.si', 'KOKOL', 'PETER', 'profesor'),
(11400, 10584, 'GOLOB JANVIT', NULL, NULL, NULL, 'GOLOB', 'JANVIT', 'profesor'),
(11446, 13433, 'KANDUS GORAZD', 'dr.', 'red. prof.', 'gorazd.kandus@ijs.si', 'KANDUS', 'GORAZD', 'profesor'),
(11451, 13478, 'VREZE ALEKSANDER', 'dr.', 'doc.', 'aleksander.vreze@uni-mb.si', 'VREZE', 'ALEKSANDER', 'profesor'),
(11480, 13809, 'LUCAS MARIE FRANCOISE', NULL, NULL, NULL, 'LUCAS MARIE', 'FRANCOISE', 'profesor'),
(11494, 15597, 'KREGAR ZORAN', NULL, NULL, 'zoran.kregar@uni-mb.si', 'KREGAR', 'ZORAN', 'profesor'),
(11823, 7286, 'TRONTELJ JANEZ', 'dr', 'red. prof.', NULL, 'TRONTELJ', 'JANEZ', 'profesor'),
(11836, 17679, 'MUZEK VILJEM', 'ing', '', NULL, 'MUZEK', 'VILJEM', 'profesor'),
(12257, 7720, 'PLETERSEK ANTON', 'dr.', NULL, NULL, 'PLETERSEK', 'ANTON', 'profesor'),
(12288, 17693, 'VREG FRANCE', 'dr.', 'zasl. prof.', NULL, 'VREG', 'FRANCE', 'profesor'),
(12337, 16292, 'FISTER IZTOK', 'dr.', 'doc.', 'iztok.fister@uni-mb.si', 'FISTER', 'IZTOK', 'profesor'),
(12338, 17692, 'VOLCIC ZALA', NULL, 'doc.', NULL, 'VOLCIC', 'ZALA', 'profesor'),
(12500, 7963, 'ANDREJEVIC MARK', NULL, NULL, NULL, 'ANDREJEVIC', 'MARK', 'profesor'),
(12655, 10072, 'LESKOVAR FLORIJAN', NULL, NULL, 'florijan.leskovar@uni-mb.si', 'LESKOVAR', 'FLORIJAN', 'profesor'),
(12657, 10133, 'VUTE MILOS', NULL, NULL, 'milos.vute@uni-mb.si', 'VUTE', 'MILOS', 'profesor'),
(12658, 10172, 'LAMPIC STANISLAV', NULL, NULL, 'stanko.lampic@uni-mb.si', 'LAMPIC', 'STANISLAV', 'profesor'),
(12682, 15484, 'LIPUS BOGDAN', 'dr.', 'asist.', 'bogdan.lipus@um.si', 'LIPUS', 'BOGDAN', 'profesor'),
(12894, 61030, 'MUNDA ARNEJCIC PETRA', NULL, NULL, NULL, 'MUNDA ARNEJCIC', 'PETRA', 'profesor'),
(12962, 61214, 'GODEC GREGOR', NULL, NULL, 'gregor.godec@uni-mb.si', 'GODEC', 'GREGOR', 'profesor'),
(13218, 16026, 'DEZELAK KLEMEN', 'dr.', 'doc.', 'klemen.dezelak@uni-mb.si', 'DEZELAK', 'KLEMEN', 'profesor'),
(13420, 15761, 'PIVEC BOSTJAN', NULL, 'asist.', 'bostjan.pivec@uni-mb.si', 'PIVEC', 'BOSTJAN', 'profesor'),
(13428, 14441, 'PODNAR KLEMENT', NULL, NULL, NULL, 'PODNAR', 'KLEMENT', 'profesor'),
(13429, 16137, 'POLAJNAR JANJA', NULL, NULL, NULL, 'POLAJNAR', 'JANJA', 'profesor'),
(13430, 17688, 'STRELEC SAMO M.', NULL, NULL, 'samo.strelec@guest.arnes.si', 'STRELEC SAMO', 'M.', 'profesor'),
(13436, 60010, 'ZERDIN FRANC', 'dr.', 'doc.', 'franc_zerdin@yahoo.com', 'ZERDIN', 'FRANC', 'profesor'),
(13438, 16160, 'ZAGAR TOMAZ', 'dr.', 'doc.', 'tomaz.zagar@gen-energija.si', 'ZAGAR', 'TOMAZ', 'profesor'),
(13443, 16982, 'SEVCNIKAR ANDREJ', NULL, 'asist.', 'andrej.sevcnikar@uni-mb.si', 'SEVCNIKAR', 'ANDREJ', 'profesor'),
(13465, 16069, 'KOSIC KRISTJAN', NULL, 'asist.', 'kristjan.kosic@uni-mb.si', 'KOSIC', 'KRISTJAN', 'profesor'),
(13497, 16182, 'CAFNIK ULUDAG PETRA', 'mag.', 'asist.', 'petra.cafnik@uni-mb.si', 'CAFNIK ULUDAG', 'PETRA', 'profesor'),
(13564, 10128, 'VESENJAK ANTON', NULL, NULL, 'anton.vesenjak@uni-mb.si', 'VESENJAK', 'ANTON', 'profesor'),
(13565, 10317, 'MORAUS STANISLAV', NULL, NULL, 'stanko.moraus@uni-mb.si', 'MORAUS', 'STANISLAV', 'profesor'),
(13566, 13816, 'TUTEK SIMON', NULL, NULL, 'simon.tutek@uni-mb.si', 'TUTEK', 'SIMON', 'profesor'),
(13567, 15300, 'LAHOVNIK BORIS', NULL, NULL, 'boris.lahovnik@uni-mb.si', 'LAHOVNIK', 'BORIS', 'profesor'),
(13568, 15410, 'VOH JURCEK', NULL, NULL, 'jurcek.voh@uni-mb.si', 'VOH', 'JURCEK', 'profesor'),
(13569, 15425, 'STREHAR MIHA', NULL, NULL, 'miha.strehar@uni-mb.si', 'STREHAR', 'MIHA', 'profesor'),
(13570, 15770, 'HORVAT MARJAN', NULL, NULL, 'marjan.horvat@uni-mb.si', 'HORVAT', 'MARJAN', 'profesor'),
(13571, 15790, 'BREZOVNIK JANEZ', 'mag.', 'asist.', 'janez.brezovnik@uni-mb.si', 'BREZOVNIK', 'JANEZ', 'profesor'),
(13572, 16070, 'ZAMUDA ALES', 'dr.', 'asist.', 'ales.zamuda@uni-mb.si', 'ZAMUDA', 'ALES', 'profesor'),
(13581, 10241, 'OTIC ANTON', NULL, NULL, 'anton.otic@uni-mb.si', 'OTIC', 'ANTON', 'profesor'),
(13582, 15357, 'KNUPLEZ ANDREJ', NULL, NULL, 'andrej.knuplez@um.si', 'KNUPLEZ', 'ANDREJ', 'profesor'),
(13583, 15360, 'OGNER MARCEL', NULL, NULL, 'marcel.ogner@uni-mb.si', 'OGNER', 'MARCEL', 'profesor'),
(13584, 15741, 'OTIC JERNEJ', NULL, NULL, 'jernej.otic@uni-mb.si', 'OTIC', 'JERNEJ', 'profesor'),
(13585, 15855, 'ROMIH ANDREJ', NULL, NULL, 'andrej.romih@uni-mb.si', 'ROMIH', 'ANDREJ', 'profesor'),
(13586, 16030, 'REPNIK BLAZ', NULL, NULL, 'blaz.repnik1@uni-mb.si', 'REPNIK', 'BLAZ', 'profesor'),
(13587, 16103, 'ROTOVNIK MILAN', NULL, NULL, 'milan.rotovnik@um.si', 'ROTOVNIK', 'MILAN', 'profesor'),
(13588, 16131, 'HRIBERNIK MITJA', NULL, NULL, 'mitja.hribernik@uni-mb.si', 'HRIBERNIK', 'MITJA', 'profesor'),
(13599, 10034, 'GRASIC SRECKO', NULL, NULL, 'srecko.grasic@uni-mb.si', 'GRASIC', 'SRECKO', 'profesor'),
(13600, 10361, 'GORICAN VIKTOR', NULL, NULL, 'viktor.gorican@uni-mb.si', 'GORICAN', 'VIKTOR', 'profesor'),
(13601, 15374, 'ROMIH TOMAZ', 'mag.', NULL, 'tomaz.romih@uni-mb.si', 'ROMIH', 'TOMAZ', 'profesor'),
(13602, 15805, 'NERAT ANDREJ', NULL, 'asist.', 'andrej.nerat@uni-mb.si', 'NERAT', 'ANDREJ', 'profesor'),
(13603, 16071, 'NOVAK JERNEJ', NULL, 'asist.', 'jernej.novak1@uni-mb.si', 'NOVAK', 'JERNEJ', 'profesor'),
(13604, 16079, 'POLUTNIK JAKA', NULL, 'asist.', 'jaka.polutnik@um.si', 'POLUTNIK', 'JAKA', 'profesor'),
(13605, 16140, 'PERHAVEC TADEJ', NULL, NULL, 'tadej.perhavec@uni-mb.si', 'PERHAVEC', 'TADEJ', 'profesor'),
(13617, 10057, 'HADJAR BOJAN', NULL, NULL, 'bojan.hadjar@um.si', 'HADJAR', 'BOJAN', 'profesor'),
(13618, 10060, 'BERNAD DANIEL', NULL, NULL, 'daniel.bernad@uni-mb.si', 'BERNAD', 'DANIEL', 'profesor'),
(13619, 10410, 'SPANER MARIJAN', 'mag.', NULL, 'marijan.spaner@uni-mb.si', 'SPANER', 'MARIJAN', 'profesor'),
(13620, 10412, 'ZÖGLING AVGUST', NULL, NULL, NULL, 'ZÖGLING', 'AVGUST', 'profesor'),
(13621, 10424, 'STRELEC ZLATKO', NULL, NULL, 'zlatko.strelec@uni-mb.si', 'STRELEC', 'ZLATKO', 'profesor'),
(13622, 15383, 'DREVENSEK BRANKO', NULL, NULL, 'branko.drevensek@uni-mb.si', 'DREVENSEK', 'BRANKO', 'profesor'),
(13623, 15524, 'STEGNE MARJAN', 'mag.', 'asist.', 'marjan.stegne@uni-mb.si', 'STEGNE', 'MARJAN', 'profesor'),
(13624, 15539, 'MUNDA JURIJ', NULL, 'asist.', 'jurij.munda@uni-mb.si', 'MUNDA', 'JURIJ', 'profesor'),
(13625, 15837, 'GOLJAT UROS', NULL, 'asist.', 'uros.goljat@uni-mb.si', 'GOLJAT', 'UROS', 'profesor'),
(13638, 16077, 'KOSEC PRIMOZ', 'dr.', NULL, 'pkosec@uni-mb.si', 'KOSEC', 'PRIMOZ', 'profesor'),
(13763, 15725, 'DOMITER VID', 'dr.', 'asist.', 'vid.domiter@uni-mb.si', 'DOMITER', 'VID', 'profesor'),
(13764, 16020, 'PRINCIC ZIVORAD', 'mag.', NULL, NULL, 'PRINCIC', 'ZIVORAD', 'profesor'),
(13782, 15553, 'ZÖGLING MARKUS ALEKSANDRA', NULL, NULL, 'sandra.zogling@uni-mb.si', 'ZÖGLING MARKUS', 'ALEKSANDRA', 'profesor'),
(13823, 16194, 'KOUS KATJA', NULL, 'asist.', 'katja.kous@uni-mb.si', 'KOUS', 'KATJA', 'profesor'),
(13824, 16090, 'VERNELI LIJA EMMELIN', NULL, 'asist.', 'lijaemmelin.verneli@uni-mb.si', 'VERNELI', 'LIJA EMMELIN', 'profesor'),
(13826, 14458, 'PLANSAK MOJCA', NULL, NULL, NULL, 'PLANSAK', 'MOJCA', 'profesor'),
(13854, 17666, 'BRODNIK ANDREJ', NULL, NULL, NULL, 'BRODNIK', 'ANDREJ', 'profesor'),
(14395, 16213, 'VADLJA SIBILA', NULL, 'asist.', 'sibila.vadlja@uni-mb.si', 'VADLJA', 'SIBILA', 'profesor'),
(14400, 16214, 'FRECE ALES', NULL, NULL, 'ales.frece@uni-mb.si', 'FRECE', 'ALES', 'profesor'),
(14406, 16215, 'PAVLINEK MIHA', NULL, 'asist.', 'miha.pavlinek@uni-mb.si', 'PAVLINEK', 'MIHA', 'profesor'),
(14421, 16229, 'FLUHER BOGDAN', NULL, NULL, 'bogdan.fluher@uni-mb.si', 'FLUHER', 'BOGDAN', 'profesor'),
(14477, 15791, 'SPELIC DENIS', 'dr.', 'asist.', 'denis.spelic@uni-mb.si', 'SPELIC', 'DENIS', 'profesor'),
(14492, 16245, 'GLASER VOJKO', 'mag.', 'asist.', 'vojko.glaser@uni-mb.si', 'GLASER', 'VOJKO', 'profesor'),
(14523, 16306, 'JEZERNIK SASO', 'dr.', NULL, NULL, 'JEZERNIK', 'SASO', 'profesor'),
(14540, 16253, 'SLATENSEK JANKO', NULL, NULL, 'janko.slatensek@uni-mb.si', 'SLATENSEK', 'JANKO', 'profesor'),
(14541, 16310, 'ZLATOLAS BORUT', NULL, NULL, 'borut.zlatolas@um.si', 'ZLATOLAS', 'BORUT', 'profesor'),
(14557, 90164, 'TOMAZIC DUSAN', NULL, NULL, NULL, 'TOMAZIC', 'DUSAN', 'profesor'),
(14597, 16259, 'SPRAGER SEBASTIJAN', NULL, 'asist.', 'sebastijan.sprager@uni-mb.si', 'SPRAGER', 'SEBASTIJAN', 'profesor'),
(14616, 13774, 'KRAJNC ANDREJ', 'dr.', 'asist.', 'andrej.krajnc1@uni-mb.si', 'KRAJNC', 'ANDREJ', 'profesor'),
(14618, 15898, 'KOS MARKO', 'dr.', 'asist.', 'marko.kos@uni-mb.si', 'KOS', 'MARKO', 'profesor'),
(14619, 16167, 'GRASIC BOSTJAN', NULL, 'asist.', 'bostjan.grasic@uni-mb.si', 'GRASIC', 'BOSTJAN', 'profesor'),
(14620, 15883, 'GRASIC MATEJ', 'dr.', NULL, 'matej.grasic@uni-mb.si', 'GRASIC', 'MATEJ', 'profesor'),
(14621, 16276, 'PECNIK SASO', NULL, 'asist.', 'saso.pecnik@uni-mb.si', 'PECNIK', 'SASO', 'profesor'),
(14622, 16277, 'GOLE BORIS', NULL, NULL, 'boris.gole@uni-mb.si', 'GOLE', 'BORIS', 'profesor'),
(14623, 16278, 'KORELIC TOMAZ', NULL, 'asist.', 'tomaz.korelic@uni-mb.si', 'KORELIC', 'TOMAZ', 'profesor'),
(14624, 16279, 'GRADISNIK MITJA', NULL, 'asist.', 'mitja.gradisnik@uni-mb.si', 'GRADISNIK', 'MITJA', 'profesor'),
(14625, 16280, 'FERME MARKO', NULL, 'asist.', 'marko.ferme@uni-mb.si', 'FERME', 'MARKO', 'profesor'),
(14626, 16281, 'KUHAR SASA', NULL, 'asist.', 'sasa.kuhar@uni-mb.si', 'KUHAR', 'SASA', 'profesor'),
(14627, 16282, 'ZAKONJSEK DAVID', NULL, NULL, 'david.zakonjsek@uni-mb.si', 'ZAKONJSEK', 'DAVID', 'profesor'),
(14640, 61714, 'RADIĆ GORDANA', NULL, 'asist.', 'gordana.radic@uni-mb.si', 'RADIĆ', 'GORDANA', 'profesor'),
(14712, 16031, 'RUPNIK BOJAN', NULL, 'asist.', 'bojan.rupnik@uni-mb.si', 'RUPNIK', 'BOJAN', 'profesor'),
(14772, 16290, 'RIHTARIC SANDI', NULL, NULL, 'sandi.rihtaric@uni-mb.si', 'RIHTARIC', 'SANDI', 'profesor'),
(14809, 15758, 'BRATINA BOZIDAR', 'dr.', 'asist.', 'bozidar.bratina@uni-mb.si', 'BRATINA', 'BOZIDAR', 'profesor'),
(14865, 16297, 'ZONTAR ROK', NULL, 'asist.', 'rok.zontar@uni-mb.si', 'ZONTAR', 'ROK', 'profesor'),
(14894, 16367, 'PRELOZNIK BORUT', NULL, NULL, 'borut.preloznik@uni-mb.si', 'PRELOZNIK', 'BORUT', 'profesor'),
(14898, 16024, 'MALAJNER MARKO', 'mag.', 'asist.', 'marko.malajner@uni-mb.si', 'MALAJNER', 'MARKO', 'profesor'),
(14955, 15899, 'LINEC MATJAZ', 'dr.', 'asist.', 'matjaz.linec@uni-mb.si', 'LINEC', 'MATJAZ', 'profesor'),
(14976, 16149, 'MONGUS DOMEN', 'dr.', 'doc.', 'domen.mongus@uni-mb.si', 'MONGUS', 'DOMEN', 'profesor'),
(14977, 16168, 'HRNCIC DEJAN', NULL, 'asist.', 'dejan.hrncic@uni-mb.si', 'HRNCIC', 'DEJAN', 'profesor'),
(14985, 16464, 'MEDVED ANDREJ', 'mag.', 'asist.', NULL, 'MEDVED', 'ANDREJ', 'profesor'),
(15003, 16256, 'OBAL DAMJAN', NULL, 'asist.', 'damjan.obal@uni-mb.si', 'OBAL', 'DAMJAN', 'profesor'),
(15007, 16255, 'GERLEC CRT', NULL, 'asist.', 'crt.gerlec@uni-mb.si', 'GERLEC', 'CRT', 'profesor'),
(15025, 30258, 'BURKELJCA JERNEJ', NULL, 'asist.', 'jernej.burkeljca@um.si', 'BURKELJCA', 'JERNEJ', 'profesor'),
(15027, 16451, 'HROVAT GORAN', NULL, 'asist.', 'goran.hrovat@uni-mb.si', 'HROVAT', 'GORAN', 'profesor'),
(15029, 16449, 'CASAR DAMJAN', NULL, NULL, 'damjan.casar@uni-mb.si', 'CASAR', 'DAMJAN', 'profesor'),
(15030, 16459, 'HUBER JERNEJ', NULL, 'asist.', 'jernej.huber@uni-mb.si', 'HUBER', 'JERNEJ', 'profesor'),
(15031, 16453, 'ZLAHTIC BOJAN', NULL, NULL, 'bojan.zlahtic@uni-mb.si', 'ZLAHTIC', 'BOJAN', 'profesor'),
(15082, 16687, 'SEDEJ GASPER', NULL, NULL, 'gasper.sedej@uni-mb.si', 'SEDEJ', 'GASPER', 'profesor'),
(15084, 19549, 'HEGEDIS MITJA', NULL, 'asist.', 'mitja.hegedis@uni-mb.si', 'HEGEDIS', 'MITJA', 'profesor'),
(15085, 19550, 'BOZNIK JAN', NULL, 'asist.', 'jan.boznik@uni-mb.si', 'BOZNIK', 'JAN', 'profesor'),
(15087, 19552, 'PLAVCAK GREGOR', NULL, NULL, 'gregor.plavcak@uni-mb.si', 'PLAVCAK', 'GREGOR', 'profesor'),
(15232, 16270, 'SMOGAVEC GREGOR', NULL, 'asist.', 'gregor.smogavec@uni-mb.si', 'SMOGAVEC', 'GREGOR', 'profesor'),
(15235, 16456, 'ZEMLJAK ALES', NULL, 'asist.', 'ales.zemljak@uni-mb.si', 'ZEMLJAK', 'ALES', 'profesor'),
(15246, 16146, 'PEVEC SIMON', 'mag.', 'asist.', 'simon.pevec@uni-mb.si', 'PEVEC', 'SIMON', 'profesor'),
(15252, 100034, 'JOST GREGOR', NULL, 'asist.', 'gregor.jost@uni-mb.si', 'JOST', 'GREGOR', 'profesor'),
(15253, 100039, 'KRAJNC MITJA', NULL, 'asist.', 'mitja.krajnc@uni-mb.si', 'KRAJNC', 'MITJA', 'profesor'),
(15338, 10189, 'PETEK ZIGA', NULL, 'asist.', 'ziga.petek@uni-mb.si', 'PETEK', 'ZIGA', 'profesor'),
(15339, 16399, 'DONAJ GREGOR', NULL, 'asist.', 'gregor.donaj@uni-mb.si', 'DONAJ', 'GREGOR', 'profesor'),
(15340, 16301, 'CEH INES', 'dr.', 'asist.', 'ines.ceh@uni-mb.si', 'CEH', 'INES', 'profesor'),
(15341, 100076, 'KLANJSEK JANEZ', NULL, 'asist.', 'janez.klanjsek@uni-mb.si', 'KLANJSEK', 'JANEZ', 'profesor'),
(15396, 16238, 'ZGANEC DENIS', NULL, NULL, 'denis.zganec@uni-mb.si', 'ZGANEC', 'DENIS', 'profesor'),
(15397, 16450, 'GANGL SIMON', NULL, 'asist.', 'simon.gangl@uni-mb.si', 'GANGL', 'SIMON', 'profesor'),
(15517, 16075, 'BEKOVIĆ MILOS', 'dr.', 'asist.', 'milos.bekovic@uni-mb.si', 'BEKOVIĆ', 'MILOS', 'profesor'),
(15656, 13990, 'POHOREC SANDI', NULL, 'asist.', 'sandi.pohorec@uni-mb.si', 'POHOREC', 'SANDI', 'profesor'),
(15661, 16072, 'OBRUL DENIS', NULL, 'asist.', 'denis.obrul@uni-mb.si', 'OBRUL', 'DENIS', 'profesor'),
(15662, 16397, 'NEMEC LILI', NULL, 'asist.', 'lili.nemec@uni-mb.si', 'NEMEC', 'LILI', 'profesor'),
(15677, 100173, 'NOVAK DAMIJAN', NULL, 'asist.', 'damijan.novak@uni-mb.si', 'NOVAK', 'DAMIJAN', 'profesor'),
(15678, 100174, 'BUTOLEN BOJAN', NULL, 'asist.', 'bojan.butolen@uni-mb.si', 'BUTOLEN', 'BOJAN', 'profesor'),
(15679, 100176, 'KARAKATIC SASO', NULL, 'asist.', 'saso.karakatic@uni-mb.si', 'KARAKATIC', 'SASO', 'profesor'),
(15681, 46053, 'VINKLER JONATAN', 'dr.', NULL, NULL, 'VINKLER', 'JONATAN', 'profesor'),
(15735, 16258, 'NJEGOVEC MATEJ', NULL, 'asist.', 'matej.njegovec@uni-mb.si', 'NJEGOVEC', 'MATEJ', 'profesor'),
(15780, 100089, 'OVCJAK BORIS', NULL, 'asist.', 'boris.ovcjak@uni-mb.si', 'OVCJAK', 'BORIS', 'profesor'),
(15812, 10147, 'PETRUN MARTIN', NULL, 'asist.', 'martin.petrun@uni-mb.si', NULL, NULL, 'profesor'),
(15931, 15287, 'FURLAN MARINA', 'dr.', NULL, NULL, NULL, NULL, 'profesor'),
(15960, 15585, 'SABOL GOLOB ZVEZDANA', NULL, NULL, 'zvezdana.sabol@um.si', 'SABOL GOLOB', 'ZVEZDANA', 'profesor'),
(15967, 100134, 'VUKELJIĆ MARIJANA', NULL, 'asist.', 'marijana.vukeljic@uni-mb.si', 'VUKELJIĆ', 'MARIJANA', 'profesor'),
(15977, 101063, 'KSENEMAN MATEJ', 'dr.', 'asist.', NULL, 'KSENEMAN', 'MATEJ', 'profesor'),
(15998, 100157, 'LEPEJ PETER', NULL, NULL, 'peter.lepej@uni-mb.si', 'LEPEJ', 'PETER', 'profesor'),
(16010, 100043, 'MATJASEC ZIGA', NULL, 'asist.', 'ziga.matjasec@uni-mb.si', 'MATJASEC', 'ZIGA', 'profesor'),
(16061, 100314, 'BOROVIC MLADEN', NULL, NULL, 'mladen.borovic@uni-mb.si', 'BOROVIC', 'MLADEN', 'profesor'),
(16065, 100196, 'KOZUH INES', NULL, 'asist.', 'ines.kozuh@um.si', 'KOZUH', 'INES', 'profesor'),
(16087, 100081, 'LUKAC NIKO', NULL, 'asist.', 'niko.lukac@uni-mb.si', 'LUKAC', 'NIKO', 'profesor'),
(16089, 101154, 'KOHEK STEFAN', NULL, 'asist.', 'stefan.kohek@uni-mb.si', 'KOHEK', 'STEFAN', 'profesor'),
(16090, 100195, 'CERNEZEL ALES', NULL, 'asist.', 'ales.cernezel@uni-mb.si', 'CERNEZEL', 'STEFAN', 'profesor'),
(16091, 101121, 'SCHWEIGHOFER TINA', NULL, 'asist.', 'tina.schweighofer@uni-mb.si', 'SCHWEIGHOFER', 'TINA', 'profesor'),
(16100, 100313, 'BEZGET JAN', NULL, NULL, 'jan.bezget@uni-mb.si', 'BEZGET', 'JAN', 'profesor'),
(16101, 101033, 'CERNELIC JERNEJ', NULL, 'asist.', 'jernej.cernelic@uni-mb.si', 'CERNELIC', 'JERNEJ', 'profesor'),
(16121, 16252, 'GERM MOJCA', NULL, NULL, 'mojca.germ@um.si', 'GERM', 'MOJCA', 'profesor');

INSERT INTO `program` (`id`, `ime`, `st_let`, `koda`) VALUES
(1, 'ELEKTROTEHNIKA UN (BU10)', 3, 'BU10'),
(2, 'ELEKTROTEHNIKA VS (BV10)', 3, 'BV10'),
(6, 'GOSPODARSKO IN', 3, 'BU60'),
(7, 'INFORMATIKA IN TEHNOLOGIJE KOMUNICIRANJA UN (BU30)', 3, 'BU30'),
(8, 'INFORMATIKA IN TEHNOLOGIJE KOMUNICIRANJA VS (BV30)', 3, 'BV30'),
(10, 'MEDIJSKE KOMUNIKACIJE (BU50)', 3, 'BU50'),
(11, 'RA', 3, 'BU20'),
(12, 'RA', 3, 'BV20'),
(16, 'TELEKOMUNIKACIJE (BU40)', 3, 'BU40'),
(17, 'MEHATRONIKA (BU70)', 3, 'BU70'),
(18, 'ELEKTROTEHNIKA  (BM10) - 2. stopnja', 2, 'BM10'),
(19, 'GOSPODARSKO IN', 2, 'BM60'),
(20, 'INFORMATIKA IN TEHNOLOGIJE KOMUNICIRANJA (BM30) - ', 2, 'BM30'),
(21, 'MEDIJSKE KOMUNIKACIJE (BM50) - 2. stopnja', 2, 'BM50'),
(22, 'RA', 2, 'BM20'),
(23, 'TELEKOMUNIKACIJE (BM40) - 2. stopnja', 2, 'BM40'),
(24, 'MEHATRONIKA (BMM7) - 2. stopnja', 2, 'BMM7'),
(26, 'MEHATRONIKA (BV70)', 2, 'BV70');

INSERT INTO `predmet` (`id`, `ime`) VALUES
(8, 'FIZIKA II'),
(17, 'MIKROKRMILNIKI'),
(20, 'REGULACIJE I'),
(21, 'SENZORJI'),
(24, 'TEORIJA SISTEMOV'),
(26, 'MERITVE V ELEKTRONIKI'),
(27, 'MIKROPROCESORJI'),
(28, 'RAcUNALNISKO NAcRTOVANJE VEZIJ'),
(29, 'UVOD V ANALIZO VEZIJ'),
(30, 'ELEKTRIcNE NAPRAVE V ENERGETIKI'),
(31, 'ELEKTRIcNI POGONI'),
(32, 'ELEKTRODINAMIKA'),
(33, 'RAZDELJEVANJE ELEKTRIcNE ENERGIJE'),
(34, 'MODELIRANJE IN VODENJE'),
(35, 'ANGLEScINA '),
(39, 'FIZIKA II'),
(40, 'INTERNETNE TEHNOLOGIJE'),
(42, 'MATEMATIKA II'),
(46, 'OSNOVE ELEKTROTEHNIKE II'),
(47, 'RAcUNALNISTVO'),
(48, 'AKTUATORSKA TEHNIKA'),
(52, 'INDUSTRIJSKA ELEKTRONIKA'),
(54, 'KOMUNIKACIJE V AVTOMATIKI'),
(55, 'KRMILNA TEHNIKA'),
(56, 'KRMILNIKI IN MIKRORAcUNALNIKI'),
(58, 'SENZORSKA TEHNIKA I'),
(63, 'ELEKTRONIKA II'),
(64, 'MERITVE V ELEKTRONIKI'),
(65, 'MIKROPROCESORSKI SISTEMI I'),
(66, 'PRENOS SIGNALOV'),
(67, 'PROCESIRANJE SIGNALOV'),
(70, 'VMESNIKI IN PRETVORNIKI'),
(71, 'ELEKTRIcNI POGONI'),
(75, 'PROIZVODNJA ELEKTRIcNE ENERGIJE'),
(77, 'VISOKONAPETOSTNA TEHNIKA'),
(78, 'VODENJE ELEKTROMEHANSKIH SISTEMOV'),
(79, 'ZAScITNA TEHNIKA IN AVTOMATIZACIJA'),
(80, 'ELEKTRONIKA'),
(81, 'GRADNIKI TELEKOMUNIKACIJSKIH SESTAVOV'),
(82, 'MERITVE V TELEKOMUNIKACIJAH'),
(83, 'MIKRO IN SIGNALNI PROCESORJI'),
(84, 'OSNOVE OMREZNIH TEHNOLOGIJ'),
(354, 'DIFERENCIALNE ENAcBE'),
(356, 'MERITVE V ELEKTROTEHNIKI'),
(358, 'OSNOVE ELEKTROTEHNIKE II'),
(361, 'PROGRAMIRANJE ZA ELEKTROTEHNIKE II'),
(368, 'OSNOVE RAcUNOVODSTVA'),
(390, 'PLATFORME INFORMACIJSKIH SISTEMOV'),
(391, 'PODATKOVNE BAZE'),
(392, 'PRAKTIKUM I'),
(394, 'RAZVOJ IN UPORABA KOMPONENT V JAVI'),
(397, 'ARHITEKTURE IS IN VZORCI'),
(403, 'OBVLADOVANJE PROCESOV IN KAKOVOSTI'),
(404, 'PODATKOVNE BAZE II'),
(405, 'PRAKTIKUM II'),
(407, 'UPRAVLJANJE TEHNOLOGIJ KOMUNICIRANJA'),
(409, 'KOMUNICIRANJE IN DELO V SKUPINAH'),
(411, 'NAPREDNO PROGRAMIRANJE'),
(424, 'MATEMATIKA II'),
(425, 'ORODJA ZA RAZVOJ APLIKACIJ'),
(428, 'RAZVOJ APLIKACIJ ZA INTERNET'),
(430, 'SISTEMI ODLOcANJA'),
(433, 'VARNOST IN ZAScITA'),
(500, 'AVDIO IN VIDEO TEHNOLOGIJA'),
(503, 'KRITIcNO MISLJENJE IN IZRAZANJE'),
(505, 'MNOZIcNI MEDIJI'),
(508, 'PROGRAMIRANJE ZA MEDIJE'),
(509, 'UVOD V STATISTIKO'),
(510, 'TUJI JEZIK I'),
(513, 'ORGANIZACIJA AVDIOVIZUALNE PRODUKCIJE'),
(518, 'RAZVOJ SPLETNIH SISTEMOV'),
(520, 'TEHNIKE AVDIO IN VIDEO PRODUKCIJE'),
(522, 'VIZUALNE KOMUNIKACIJE'),
(523, 'VSEBINE ELEKTRONSKIH MEDIJEV'),
(524, 'RAcUNALNISKA ANIMACIJA ZA MEDIJE'),
(525, 'TIPOGRAFIJA IN ALTERNATIVNE TISKANE OBLIKE'),
(526, 'ALGORITMI IN PODATKOVNE STRUKTURE'),
(528, 'DISKRETNE STRUKTURE'),
(529, 'INTERAKCIJA cLOVEK-RAcUNALNIK'),
(535, 'PROGRAMIRANJE II'),
(552, 'ORGANIZACIJA IN ARHITEKTURA RAcUNALNIKOV'),
(553, 'OSNOVE ALGORITMOV'),
(554, 'PODATKOVNE STRUKTURE'),
(556, 'PROGRAMIRANJE II'),
(558, 'STROKOVNA ANGLEScINA'),
(559, 'UVOD V OPERACIJSKE SISTEME'),
(725, 'EKONOMIJA IN MANAGEMENT'),
(727, 'MERITVE'),
(729, 'PROGRAMIRANJE ZA TELEKOMUNIKACIJE II'),
(732, 'UVOD V TELEKOMUNIKACIJE'),
(734, 'DIGITALNE KOMUNIKACIJE'),
(737, 'ELEKTRONSKA KOMUNIKACIJSKA VEZJA'),
(738, 'MIKRORAcUNALNISKI SISTEMI'),
(742, 'TELEKOMUNIKACIJSKA OMREZJA I'),
(750, 'LINEARNA ALGEBRA'),
(753, 'MATERIALI II'),
(756, 'OSNOVE ELEKTROTEHNIKE'),
(764, 'VALOVANJE IN ZGRADBA SNOVI'),
(777, 'PLANETNA GONILA'),
(801, 'MODELIRANJE IN IDENTIFIKACIJE'),
(802, 'DIGITALNE STRUKTURE IN SISTEMI'),
(810, 'UVOD V RAcUNALNISKO GEOMETRIJO'),
(811, 'UMETNA INTELIGENCA'),
(813, 'SISTEMSKA PROGRAMSKA OPREMA'),
(815, 'SPLETNO PROGRAMIRANJE'),
(816, 'SISTEMSKA ADMINISTRACIJA'),
(817, 'SIGNALI IN SLIKE'),
(818, 'PREVAJANJE PROGRAMSKIH JEZIKOV'),
(821, 'OSNOVE RAcUNALNISKEGA VIDA'),
(822, 'LOGIcNE STRUKTURE IN SISTEMI'),
(823, 'NAMENSKA PROGRAMSKA OPREMA'),
(825, 'PROGRAMSKI JEZIKI'),
(830, 'PROJEKT 1'),
(966, 'PRAKTIKUM V AVTOMATIKI IN ROBOTIKI'),
(967, 'KOMUNIKACIJE V AVTOMATIKI'),
(974, 'PROJEKT IZ ELEKTRONIKE'),
(977, 'DINAMIKA EES'),
(979, 'NAcRTOVANJE ELEKTROMAGNETNIH NAPRAV'),
(983, 'SERVOSISTEMI I'),
(985, 'PROJEKT IZ TELEKOMUNIKACIJ'),
(986, 'PODJETNISTVO'),
(989, 'MOBILNE TELEKOMUNIKACIJE'),
(990, 'INTERNETNE STORITVE V TELEKOMUNIKACIJAH'),
(992, 'SISTEMI MEHATRONIKE'),
(993, 'HIDRAVLIKA IN PNEVMATIKA'),
(994, 'PROJEKT 3'),
(999, 'SENZORSKA TEHNIKA II'),
(1005, 'RAZSVETLJAVA'),
(1006, 'MOBILNE KOMUNIKACIJE'),
(1008, 'EKONOMIJA MEDIJEV'),
(1009, 'MEDIJSKA ETIKA'),
(1010, 'PRAKTIKUM: SPLETNI SISTEMI IN VSEBINE'),
(1011, 'TUJI JEZIK III-ANGLESKI JEZIK'),
(1012, 'PRAKTIKUM, GRAFIcNO SNOVANJE IN OBLIKOVANJE II'),
(1014, 'VODENJE PROJEKTOV'),
(1015, 'STATISTIKA'),
(1016, 'PRAKTIKUM III'),
(1018, 'SPLETNE TEHNOLOGIJE IN OZNAcEVALNI JEZIKI'),
(1019, 'DINAMIcNE SPLETNE RESITVE'),
(1020, 'INFORMACIJSKI PROCESI IN KOMUNICIRANJE Z UPORABNIKI'),
(1021, 'OKOLJA ZA RAZVOJ IS'),
(1022, 'ALGORITMI V RAcUNALNISKI PRAKSI'),
(1023, 'RAcUNALNISKA OMREZJA'),
(1024, 'VODENJE, INOVATIVNOST IN PRENOS ZNANJA'),
(1025, 'SOCIOLOSKI IN POKLICNI VIDIKI'),
(1027, 'PRAKTIKUM'),
(1028, 'UVOD V RAcUNALNISKI VID IN RAZPOZNAVANJE'),
(1032, 'PRAKTIcNO USPOSABLJANJE'),
(1033, 'DIPLOMSKO DELO'),
(1034, 'DIPLOMSKO DELO'),
(1035, 'DIPLOMSKO DELO'),
(1037, 'DIPLOMSKO DELO'),
(1038, 'DIPLOMSKO DELO'),
(1040, 'PRAKTIcNO USPOSABLJANJE'),
(1041, 'DIPLOMSKO DELO'),
(1042, 'DIPLOMSKO DELO'),
(1043, 'PRAKTIcNO USPOSABLJANJE'),
(1044, 'DIPLOMSKO DELO'),
(1046, 'DIPLOMSKO DELO'),
(1047, 'OSNOVE FINANC'),
(1051, 'VIRTUALNO MODELIRANJE IZDELKOV'),
(1054, 'SENZORSKI SISTEMI'),
(1055, 'AVTOMATIZACIJA PROIZVODNIH POSTOPKOV'),
(1056, 'SNOVANJE SISTEMOV VODENJA'),
(1057, 'SISTEMI DALJINSKEGA VODENJA'),
(1059, 'MIKROPROCESORSKI SISTEMI'),
(1060, 'NAcRTOVANJE MIKROELEKTRONSKIH VEZIJ'),
(1061, 'PODATKOVNE IN RAcUNALNISKE KOMUNIKACIJE'),
(1062, 'NAcRTOVANJE DIGITALNIH SISTEMOV Z VHDL'),
(1063, 'MOBILNI IN VSEPRISOTNI ELEKTRONSKI SISTEMI'),
(1064, 'MODELIRANJE IN VODENJE ELEKTROMEHANSKIH SISTEMOV'),
(1065, 'ELEKTRIcNI STROJI'),
(1066, 'MATERIALI S POSEBNIMI LASTNOSTMI IN POJAVI'),
(1067, 'IZBRANA POGLAVJA IZ ELEKTROTEHNIKE'),
(1069, 'INTELIGENTNE REGULACIJSKE TEHNIKE V MEHATRONIKI'),
(1070, 'RAcUNALNISKA OBDELAVA SIGNALOV IN SLIK'),
(1071, 'OSNOVE BIOINFORMATIKE'),
(1072, 'POMENSKO IN STORITVENO USMERJENI SPLET'),
(1073, 'INTELIGENTNI SISTEMI'),
(1074, 'POVEZLJIVI SISTEMI IN INTELIGENTNE STORITVE'),
(1075, 'KVALITETA PROGRAMSKE OPREME'),
(1076, 'PRINCIPI GEOGRAFSKIH INFORMACIJSKIH SISTEMOV'),
(1078, 'NEVRO, NANO IN KVANTNO RAcUNALNISTVO'),
(1079, 'SIROKOPASOVNA OMREZJA IN PROTOKOLI'),
(1080, 'SNOVANJE TELEKOMUNIKACIJSKIH STORITEV'),
(1085, 'UPRAVLJANJE POSLOVNIH PROCESOV'),
(1086, 'ELEKTRONSKO POSLOVANJE'),
(1087, 'CELOVITE INFORMACIJSKE RESITVE'),
(1088, 'SIMULACIJE IN OPERACIJSKE RAZISKAVE'),
(1090, 'TEHNOLOGIJE RAZVOJA INTELIGENTNIH RESITEV'),
(1091, 'POSLOVNA INTELIGENCA'),
(1092, 'KAKOVOST PODATKOV'),
(1093, 'IT PLATFORME IN ARHITEKTURE'),
(1094, 'ARHITEKTURNI VZORCI'),
(1095, 'TEHNOLOGIJE ZA VSEPRISOTNE APLIKACIJE'),
(1096, 'SPLETNE TEHNOLOGIJE'),
(1098, 'KRMILNA TEHNIKA'),
(1099, 'DIGITALNI SIGNALNI KRMILNIKI V AVTOMATIKI'),
(1102, 'OBRATOVANJE ELEKTROENERGETSKIH SISTEMOV'),
(1103, 'PERSONALIZACIJA IN TEHNOLOGIJE SEMANTIcNEGA SPLETA'),
(1104, 'TERMINALSKA OPREMA'),
(1105, 'MEDNARODNO IN MEDKULTURNO KOMUNICIRANJE'),
(1106, 'ORGANIZACIJA TELEVIZIJSKE PRODUKCIJE'),
(1107, 'VIZUALNA KULTURA'),
(1108, 'MANAGEMENT PROGRAMOV IN PROJEKTOV'),
(1109, 'KOMUNICIRANJE, MOTIVIRANJE IN RESEVANJE KONFLIKTOV'),
(1115, 'NAPREDNI TEHNOLOSKI SISTEMI'),
(1116, 'SISTEMSKO PROJEKTIRANJE IN KONSTRUIRANJE'),
(1120, 'KONCEPTI IN MODELI MEDIJEV V INFORMACIJSKI DRUZBI'),
(1121, 'NAcRTOVANJE TISKANIH VEZIJ IN ELEKTROMAGNETNA ZDRUZLJIVOST'),
(1127, 'MEDIJI IN POPULARNA KULTURA'),
(1191, 'NAPAJALNI VIRI V ELEKTRONIKI'),
(1194, 'APLIKACIJE RAcUNALNISKIH ALGORITMOV'),
(1201, 'MAGISTRSKO DELO'),
(1203, 'MAGISTRSKO DELO'),
(1204, 'PRINCIPI OPERACIJSKIH SISTEMOV'),
(1205, 'MATEMATIKA V RAcUNALNISTVU'),
(1206, 'MAGISTRSKO DELO'),
(1207, 'EMPIRIcNE RAZISKOVALNE METODE'),
(1208, 'MAGISTRSKO DELO'),
(1210, 'KOMUNIKACIJSKA INTEGRIRANA VEZJA'),
(1211, 'MAGISTRSKO DELO'),
(1212, 'MAGISTRSKO DELO'),
(1213, 'MAGISTRSKO DELO'),
(1217, 'SISTEMI VIRTUALNEGA INZENIRINGA'),
(1218, 'MEHATRONSKI KRMILNI IN SERVO SISTEMI'),
(1219, 'VIRTUALNI OBDELOVALNI SISTEMI'),
(1220, 'CESTNA IN TIRNA VOZILA'),
(1221, 'MODELIRANJE DINAMIcNIH SISTEMOV'),
(1224, 'RAZVOJ IZDELKA'),
(1226, 'OBNOVLJIVI VIRI ENERGIJE'),
(1228, 'INTERAKTIVNE 3D VSEBINE ZA SVETOVNI SPLET'),
(1237, 'APLIKACIJSKI STREZNIKI'),
(1240, 'PSIHOLOGIJA VIZUALNIH KOMUNIKACIJ'),
(1248, 'MATEMATIKA ZA INZENIRJE 2'),
(1249, 'STROJNI ELEMENTI'),
(1250, 'TEHNISKA MEHANIKA ZA MEHATRONIKE'),
(1256, 'KRMILNA TEHNIKA'),
(1258, 'NAcRTOVANJE ELEKTRONSKIH SISTEMOV'),
(1259, 'PROGRAMSKI VZORCI'),
(1260, 'PRIPRAVA MEDIJSKIH VSEBIN'),
(1261, 'INTELIGENTNI SISTEMI V AVTOMATIKI'),
(1264, 'MEDIJI V DRUZBI'),
(1265, 'STRATESKI MANAGEMENT cLOVESKIH VIROV'),
(1266, 'MEDNARODNA EKONOMIKA II'),
(1268, 'SISTEMSKA ADMINISTRACIJA'),
(1269, 'ALGORITMI RAcUNALNISKE GEOMETRIJE'),
(1270, 'MATEMATIcNE OSNOVE VODENJA SISTEMOV'),
(1271, 'JEZIKOVNE TEHNOLOGIJE'),
(1272, 'TUJI JEZIK III - NEMSKI JEZIK'),
(1273, 'PROJEKT II'),
(1274, 'PRILAGODLJIVI OBDELOVALNI SISTEMI'),
(1275, 'VZDRZEVANJE MEHATRONSKIH SISTEMOV');

INSERT INTO `prostor` (`id`, `ime`, `st_sedezev`) VALUES
(17, 'A-301', 126),
(18, 'A-302', 60),
(19, 'A-304', 40),
(20, 'A-305', 30),
(21, 'A-306', 120),
(50, 'E-105', 193),
(111, 'G2-P2 BETA, pritlicje', 70),
(112, 'G2-P4 DELTA, 2. nadstropje', 70),
(115, 'G2-P01, pritlicje', 86),
(116, 'G2-P02, pritlicje', 86),
(117, 'G2-P03, pritlicje (HIPULAB)', 20),
(118, 'G2-P04, pritlicje', 40),
(119, 'G2-P05, pritlicje', 40),
(120, 'G2-P06, pritlicje', 30),
(122, 'G2-P1 ALFA, pritlicje', 166),
(124, 'G2-P3 GAMA, 2. nadstropje', 166),
(125, 'G2-seminarska soba, 2. nad.', 18),
(126, '(RU) C-202', 24),
(127, '(RU) F-102', 24),
(128, '(RU) F-103', 24),
(129, '(RU) F-104', 24),
(130, '(LA-RU) E-110 - RA4', 24),
(131, '(RU) G-219', 24),
(133, '(RU) G2-4N.11 galerija', 24),
(134, '(RU) G2-HERTZ, 2. nadstropje', 24),
(140, '(RU) G2 - seminarska soba, 3. nad.', 24),
(141, '(LA) C-205 - ME2', 16),
(142, '(LA) F-202 - IN4', 16),
(143, '(LA) G-002 - RO1', 16),
(144, '(LA) G-027 - ME3', 16),
(145, '(LA) G-028 - RO2', 16),
(146, '(LA) G-030, G-031 - ME1', 16),
(147, '(LA) G-102 - ME5', 16),
(148, '(LA) G-124 - AV4', 20),
(150, '(LA) G-127 - AV5', 16),
(151, '(LA) G-302 - AV1', 16),
(152, '(LA) G-330 - AV1', 16),
(153, '(LA) G-413 - RO3', 16),
(154, '(LA) G-326 - AV2', 16),
(155, '(LA) ICEM - ME3', 16),
(156, '(LA) RTP Dogose - ME2', 16),
(157, '(LA) C-207 - RA5', 16),
(158, '(LA) F-203 - RA2', 16),
(159, '(LA) G-201 - ET2', 16),
(160, '(LA) G-216 - ET1', 16),
(161, '(LA) G-101 - ME5', 16),
(162, '(LA) G-125 - ET2', 16),
(163, '(LA) G-126 - ET1', 16),
(164, 'G-217, 2. nad.', 22),
(165, '(LA) G2-3N.13 LUMEN - ET3', 16),
(166, '(LA) G2-3N.14 BECQUEREL - ET4', 16),
(167, '(LA) G2-3N.15 HENRY - ME3', 16),
(168, '(LA) G2-1N.09 AMPER - IN, MK', 16),
(169, '(LA) J2-415 - ME2', 16),
(170, '(LA) G-0004 - ET2', 16),
(171, '(LA) SITECO - ME', 16),
(172, '(LA) G-103 - ME5', 16),
(173, '(LA) RTV center MB - MK', 16),
(175, '(LA) G-411 - ME3', 16),
(176, '(LA) F-201 - RA1', 16),
(178, '(LA) G-329', 30),
(179, '(FS) B-205', 30),
(180, '(FS) A-202', 30),
(181, '(FS) E-104', 30),
(182, '(FS) B-207', 30),
(183, '(FS) B-201', 30),
(184, '(FS) J2-230', 30),
(185, '(FS) A-201', 30),
(186, '(FS) B-108', 30),
(187, '(EPF) P1.4', 30),
(188, '(EPF) P1.5', 30),
(189, '(EPF) S4', 30),
(190, '(FF) 2.7/FF', 30),
(191, '(FF) 0.5/FF', 30),
(192, '(LA) G-029 - RO2', 16),
(193, '(SSs) Lab. za robotizacijo', 30),
(194, '(LA) E-112', 30),
(195, '(LA) G-327 - AV2', 16),
(196, '(LA) G-124-b', 30),
(197, '(EPF) S9', 30),
(198, '(LA) G2-2N TESLA - RO, MEHA', 30),
(200, 'Ogled objektov', 30),
(201, 'Meritve na objektih', 30),
(202, 'MTS', 30),
(203, '(LA) G1-studio', 16),
(204, 'C-200', 16),
(205, '(FS) J2-415', 16),
(206, '(FS) S 18-5', 16),
(208, 'LABORATORIJ', 30),
(209, 'Racunalniska ucilnica', 30),
(211, 'Rac. ucilnica MK-klet', 16),
(212, 'Izbrano podjetje', 30),
(213, '--', 0),
(214, '(FF) 2.8/FF', 30),
(215, '(FS) B-202', 30),
(216, '(EPF) PB', 30),
(217, '(EPF) PC', 30),
(218, '(EPF) P2.7', 30),
(219, '(FS) S18-RD2', 30),
(220, '(FS) S-308', 30),
(221, '(FS) S-301', 30),
(222, '(FF) 2.16/FF', 30),
(223, '(FS) S-306', 30),
(224, '(LA) G-325', 30),
(225, '(FS) A-001', 30),
(226, '(FS) J2-229/6', 30),
(227, '(FS) S18-5 (F,R)', 30),
(228, 'G2-Senatna soba, 3. nadstropje', 30),
(229, '(FS) S-LAOH', 30),
(230, 'Studio MK - klet', 16),
(231, '(EPF) P0.3', 30),
(232, '(EPF) R-1', 30),
(233, '(EPF) PA', 30),
(234, '(EPF) S10', 30),
(235, 'G2-2N.46', 30),
(236, '(FS) C-101/A', 30),
(237, '(FS) S18-14(P,A)', 30),
(238, '(FS) C-101/2', 30),
(239, '(FS) B-426', 30),
(240, '(EPF) P0.1', 30),
(241, '(EPF) R-3', 30),
(242, '(EPF) R-4', 30),
(243, '(FS) D1-003', 30),
(244, '(FS) S-307', 30),
(245, '(FS) C-101', 30),
(246, '(FS) S-302', 30),
(247, '(FS) B-010', 30),
(248, '(LA) G-031', 10),
(249, '(FS) J-328', 30),
(250, '(LA) G-029b', 30),
(251, '(EPF) S7', 30),
(252, '(EPF) P0.2', 30),
(253, '(EPF) S2.1', 30),
(254, '(FS) S18-18 (B)', 30),
(255, '(FS) B-013', 30),
(256, '(FS) J2-327', 30),
(257, '(FS) J2-328', 30),
(258, '(FS) inz. Ivan Munda', 30);

INSERT INTO `smer` (`id`, `program_id`, `ime`, `koda`, `leta`) VALUES
(1, 1, 'UN - ELEKTROTEHNIKA (BU10)', 'BU10', 1),
(2, 1, 'E UN - AVTOMATIKA IN ROBOTIKA (BU11)', 'BU11', 2),
(3, 1, 'E UN - ELEKTRONIKA (BU12)', 'BU12', 2),
(4, 1, 'E UN - MO', 'BU13', 2),
(5, 2, 'VS - ELEKTROTEHNIKA (BV10)', 'BV10', 1),
(6, 2, 'E VS - AVTOMATIKA IN ROBOTIKA (BV11)', 'BV11', 2),
(7, 2, 'E VS - ELEKTRONIKA (BV12)', 'BV12', 2),
(8, 2, 'E VS - MO', 'BV13', 2),
(9, 2, 'E VS -TELEKOMUNIKACIJE (BV14)', 'BV14', 2),
(40, 6, 'GOSPODARSKO IN', 'BU60', 1),
(41, 6, 'GING E - AVTOMATIKA IN ROBOTIKA I (BU61)', 'BU61', 2),
(42, 6, 'GING E - ELEKTRONIKA I (BU62)', 'BU62', 2),
(43, 6, 'GING E - MO', 'BU63', 2),
(44, 7, 'INFORMATIKA IN TEHNOLOGIJE KOMUNICIRANJA (BU30)', 'BU30', 1),
(45, 7, 'INFORMACIJSKI SISTEMI (BU31)', 'BU31', 2),
(46, 7, 'TEHNOLOGIJE KOMUNICIRANJA (BU32)', 'BU32', 2),
(47, 8, 'INFORMATIKA IN TEHNOLOGIJE KOMUNICIRANJA (BV30)', 'BV30', 1),
(48, 8, 'INFORMATIKA IN TEHNOLOGIJE KOMUNICIRANJA (BV30)', 'BV30', 2),
(55, 10, 'MEDIJSKE KOMUNIKACIJE (BU50)', 'BU50', 1),
(56, 10, 'MEDIJSKA PRODUKCIJA (BU51)', 'BU51', 2),
(57, 10, 'VIZUALNA KOMUNIKACIJA (BU52)', 'BU52', 2),
(58, 11, 'RA', 'BU20', 1),
(60, 12, 'RA', 'BV20', 1),
(81, 16, 'TELEKOMUNIKACIJE (BU40)', 'BU40', 1),
(82, 16, 'TELEKOMUNIKACIJE (BU40)', 'BU40', 2),
(83, 17, 'MEHATRONIKA (BU70)', 'BU70', 1),
(84, 17, 'MEHATRONIKA (BU70)', 'BU70', 2),
(85, 11, 'RIT (BU20) - PROJEKT NOGOMETNI ASISTENT (P1)', 'BU20', 2),
(87, 11, 'RIT (BU20) - PROJEKT ', 'BU20', 2),
(89, 12, 'RIT (BV20) - PROJEKT FERI NAVIGATOR (P2)', 'BV20', 2),
(90, 12, 'RIT (BV20) - PROJEKT PAMETNI TELEFON (P3)', 'BV20', 2),
(91, 1, 'E UN - AVTOMATIKA IN ROBOTIKA (BU11)', 'BU11', 3),
(92, 1, 'E UN - ELEKTRONIKA (BU12)', 'BU12', 3),
(93, 1, 'E UN - MO', 'BU13', 3),
(94, 16, 'TELEKOMUNIKACIJE (BU40)', 'BU40', 3),
(95, 17, 'MEHATRONIKA (BU70)', 'BU70', 3),
(96, 6, 'GING E - AVTOMATIKA IN ROBOTIKA II (BU64)', 'BU64', 3),
(97, 6, 'GING E - ELEKTRONIKA II (BU65)', 'BU65', 3),
(98, 6, 'GING E- MO', 'BU66', 3),
(99, 2, 'E VS - AVTOMATIKA IN ROBOTIKA (BV11)', 'BV11', 3),
(100, 2, 'E VS - ELEKTRONIKA (BV12)', 'BV12', 3),
(101, 2, 'E VS - MO', 'BV13', 3),
(102, 2, 'E VS - TELEKOMUNIKACIJE (BV14)', 'BV14', 3),
(103, 10, 'MEDIJSKA PRODUKCIJA (BU51)', 'BU51', 3),
(104, 10, 'VIZUALNA KOMUNIKACIJA (BU52)', 'BU52', 3),
(105, 7, 'INFORMACIJSKI SISTEMI (BU31)', 'BU31', 3),
(106, 7, 'TEHNOLOGIJE KOMUNICIRANJA (BU32)', 'BU32', 3),
(107, 8, 'SISTEMSKA PODPORA INFORMATIKI IN TEHNOLOGIJAM KOMUNICIRANJA (BV31)', 'BV31', 3),
(108, 8, 'RAZVOJ INFORMACIJSKIH SISTEMOV (BV32)', 'BV32', 3),
(109, 8, 'TEHNOLOGIJE MULTIMEDIJSKEGA KOMUNICIRANJA (BV33)', 'BV33', 3),
(110, 11, 'RA', 'BU20', 3),
(112, 12, 'RA', 'BV20', 3),
(113, 18, 'MAG E - AVTOMATIKA IN ROBOTIKA (BM11)', 'BM11', 1),
(114, 18, 'MAG E - ELEKTRONIKA (BM12)', 'BM12', 1),
(115, 18, 'MAG E - MO', 'BM13', 1),
(116, 19, 'MAG GING - AVTOMATIKA IN ROBOTIKA (BM61)', 'BM61', 1),
(117, 19, 'MAG GING - ELEKTRONIKA (BM62)', 'BM62', 1),
(118, 19, 'MAG GING - MO', 'BM63', 1),
(119, 20, 'MAG ITK - M1 UPRAVLJANJE POSLOVNIH PROCESOV', 'BM30', 1),
(120, 21, 'MAG MK - MEDIJSKE KOMUNIKACIJE (BM50)', 'BM50', 1),
(121, 22, 'MAG RIT (BM20) - PROJEKT 1 INTELIGENTNE INFORMACIJSKE TEHNOLOGIJE', 'BM20', 1),
(122, 23, 'MAG TK - TELEKOMUNIKACIJE (BM40)', 'BM40', 1),
(123, 24, 'MEHATRONIKA (BMM7)', 'BMM7', 1),
(124, 22, 'MAG RIT (BM20) - PROJEKT 2 RA', 'BM20', 1),
(125, 20, 'MAG ITK - M2 INTELIGENTNE INFORMACIJSKE RE', 'BM30', 1),
(126, 20, 'MAG ITK - M3 SODOBNE IT PLATFORME IN ARHITEKTURE', 'BM30', 1),
(128, 18, 'MAG E - AVTOMATIKA IN ROBOTIKA (BM11)', 'BM11', 2),
(129, 18, 'MAG E - ELEKTRONIKA (BM12)', 'BM12', 2),
(130, 18, 'MAG E - MO', 'BM13', 2),
(131, 19, 'MAG GING - AVTOMATIKA IN ROBOTIKA (BM 61)', 'BM61', 2),
(132, 19, 'MAG GING - ELEKTRONIKA (BM62)', 'BM62', 2),
(133, 19, 'MAG GING - MO', 'BM63', 2),
(134, 22, 'MAG RIT (BM20)', 'BM20', 2),
(136, 20, 'INFORMATIKA IN TEHNOLOGIJE KOMUNICIRANJA (BM30)', 'BM30', 2),
(137, 23, 'MAG TK - TELEKOMUNIKACIJE (BM40)', 'BM40', 2),
(138, 21, 'MAG MK - MEDIJSKE KOMUNIKACIJE (BM50)', 'BM50', 2),
(139, 24, 'MEHATRONIKA (BMM7)', '(BMM7)', 2),
(140, 26, 'MEHATRONIKA', 'BV70', 1),
(141, 26, 'MEHATRONIKA', 'BV70', 2);
