INSERT INTO `user` (`id`, `email`, `username`, `vpisna_st`, `ime`, `priimek`, `password`, `datum_logina`, `enabled`, `confirmation`, `mesto`, `drzava`, `opis`, `splet`, `telefon`, `naslov`) VALUES
(1, 'admin@borkovic.com', 'admin', 'E000000', 'Admin', 'Borkovič', '$2y$14$RFN75HJ0rK4V4fAJ5jnrdeXZsiLrHAdBCuhmQY.P4dGmBDSaYZvBi', '2013-05-21 20:36:57', 1, NULL, NULL, NULL, 'To je neki dolgi opis, kao', NULL, NULL, 'To je cesta 9'),
(2, 'moderator@borkovic.com', 'moderator', 'E000001', 'Moderator', 'Borkovich', '$2y$14$RFN75HJ0rK4V4fAJ5jnrdeXZsiLrHAdBCuhmQY.P4dGmBDSaYZvBi', '2013-05-21 20:50:40', 1, NULL, NULL, 'Slovenija', NULL, NULL, '040932921', NULL),
(3, 'student@borkovic.com', 'student', 'E000002', 'Študent', 'Borkovichevich', '$2y$14$RFN75HJ0rK4V4fAJ5jnrdeXZsiLrHAdBCuhmQY.P4dGmBDSaYZvBi', '2013-05-21 20:49:25', 1, NULL, 'Maribor', NULL, NULL, 'www.kreten.si', NULL, NULL);
 
INSERT INTO `rbac_permission` (`id`, `name`) VALUES
(1, 'vprasanje_index'),
(2, 'vprasanje_pregled'),
(3, 'vprasanje_dodaj'),
(4, 'vprasanje_uredi'),
(5, 'vprasanje_brisi'),
(6, 'odgovor_dodaj'),
(7, 'user_uredi'),
(8, 'datoteke_index'),
(9, 'datoteke_pregled'),
(10, 'datoteke_dodaj'),
(11, 'datoteke_uredi'),
(12, 'datoteke_brisi'),
(13, 'datoteke_moje'),
(14, 'datoteke_download'),
(15, 'deska_dodaj'),
(16, 'user_pregled'),
(17, 'odgovor_uredi'),
(18, 'odgovor_brisi'),
(19, 'novica_index'),
(20, 'novica_pregled'),
(21, 'novica_dodaj'),
(22, 'novica_uredi'),
(23, 'novica_brisi'),
(24, 'kategorije_dodaj'),
(25, 'kategorije_pregled'),
(26, 'vprasanje_vote'),
(27, 'odgovor_vote'),
(28, 'user_dodaj');
 
INSERT INTO `rbac_role` (`id`, `parent_role_id`, `name`) VALUES
(1, NULL, 'admin'),
(2, 1, 'moderator'),
(3, 2, 'student'),
(4, 3, 'anonymous');
 
INSERT INTO `rbac_role_permission` (`id`, `role_id`, `permission_id`) VALUES
(1, 4, 1),
(2, 4, 2),
(3, 3, 3),
(4, 2, 4),
(5, 2, 5),
(6, 3, 6),
(7, 1, 7),
(8, 4, 8),
(9, 4, 9),
(10, 3, 10),
(11, 2, 11),
(12, 2, 12),
(13, 3, 13),
(14, 3, 14),
(15, 2, 15),
(16, 2, 16),
(17, 2, 17),
(18, 2, 18),
(19, 4, 19),
(20, 4, 20),
(21, 2, 21),
(22, 2, 22),
(23, 2, 23),
(24, 2, 24),
(25, 2, 25),
(26, 3, 26),
(27, 3, 27),
(28, 1, 28);
 
INSERT INTO `rbac_user_roles` (`user_id`, `role_id`) VALUES
(1, 1),
(2, 2),
(3, 3);

INSERT INTO `mape` (`id`, `ime`, `pot`) VALUES
(1, 'Vsi', 'map/ALL.png'),
(2, 'A-klet', 'map/A.png'),
(3, 'B-prtlicje', 'map/B.png'),
(4, 'C-objekt', 'map/C.png'),
(5, 'D-1nadstropje', 'map/D.png'),
(6, 'E-prtlicje', 'map/E.png'),
(7, 'F-prtlicje', 'map/F.png'),
(8, 'F-1nadstropje', 'map/1F.png'),
(9, 'G1-1medetaza', 'map/G1-1M.png'),
(10, 'G1-1nadstropje', 'map/G1-1N.png'),
(11, 'G1-2medetaza', 'map/G1-2M.png'),
(12, 'G1-2nadstropje', 'map/G1-2N.png'),
(13, 'G1-klet', 'map/G1-K.png'),
(14, 'G1-mansarda', 'map/G1-Man.png'),
(15, 'G1-prtlicje', 'map/G1-P.png'),
(16, 'G2-1nadstropje', 'map/G2-1N.png'),
(17, 'G2-2nadstropje', 'map/G2-2N.png'),
(18, 'G2-3nadstropje', 'map/G2-3N.png'),
(19, 'G2-4nadstropje', 'map/G2-4N.png'),
(20, 'G2-medetaza', 'map/G2-M.png'),
(21, 'G2-prtlicje', 'map/G2-P.png');

INSERT INTO `ucilnice` (`mapa_id`, `ime`, `left`, `top`) VALUES
(2, 'A-001', 612, 214),
(2, 'A-002', 475, 212),
(2, 'A-003', 409, 196),
(2, 'A-004', 345, 217),
(2, 'A-008', 92, 206),
(2, 'A-009', 196, 119),
(2, 'A-010', 322, 124),
(2, 'A-011', 426, 122),
(2, 'A-012', 513, 122),
(3, 'B-101', 185, 367),
(3, 'B-102', 255, 373),
(3, 'B-103', 327, 373),
(3, 'B-104', 450, 372),
(3, 'B-105', 508, 365),
(3, 'B-106', 597, 402),
(3, 'B-107', 661, 412),
(3, 'B-108', 572, 216),
(3, 'B-109', 424, 216),
(3, 'B-110', 329, 248),
(3, 'B-111', 64, 173),
(4, 'C-201', 240, 336),
(4, 'C-202', 254, 143),
(4, 'C-202-1', 287, 205),
(4, 'C-203A', 238, 71),
(4, 'C-203', 161, 83),
(4, 'C-203D', 51, 70),
(4, 'C-203C', 51, 117),
(4, 'C-204', 51, 160),
(4, 'C-205', 51, 212),
(4, 'C-205-1', 51, 289),
(4, 'C-206', 51, 331),
(4, 'C-207', 51, 383),
(4, 'C-209', 161, 418),
(5, 'D-201', 123, 340),
(5, 'D-202', 167, 342),
(5, 'D-202-1', 216, 343),
(5, 'D-203', 261, 342),
(5, 'D-204', 356, 342),
(5, 'D-205', 452, 342),
(5, 'D-206', 497, 342),
(5, 'D-207', 543, 342),
(5, 'D-209', 445, 239),
(5, 'D-210', 276, 170),
(5, 'D-211', 298, 238),
(5, 'D-212', 160, 203),
(6, 'E-103', 507, 269),
(6, 'E-104', 340, 270),
(6, 'E-105', 173, 382),
(6, 'E-106', 246, 517),
(6, 'E-110', 797, 470),
(6, 'E-111', 903, 466),
(6, 'E-112', 959, 454),
(7, 'F-101', 600, 521),
(7, 'F-102', 545, 521 ),
(7, 'F-103', 406, 521),
(7, 'F-103-1', 265, 521),
(8, 'F-201', 510, 185),
(8, 'F-202', 515, 112),
(8, 'F-203', 511, 21),
(8, 'F-204', 435, 0),
(8, 'F-205', 425, 48 ),
(8, 'F-206', 425, 90),
(8, 'F-207', 425, 126),
(8, 'F-208', 425, 162),
(8, 'F-209', 425, 194),
(8, 'F-210', 425, 230),
(9, 'G1-1101', 352, 275),
(9, 'G1-1102', 294, 275),
(9, 'G1-1103', 234, 275),
(9, 'G1-1104', 173, 275),
(9, 'G1-1105', 106, 275),
(9, 'G1-1106', 50, 275),
(10, 'G1-201', 371, 414),
(10, 'G1-202', 298, 414),
(10, 'G1-203', 232, 414),
(10, 'G1-219', 368, 287),
(10, 'G1-218', 296, 287),
(10, 'G1-217', 214, 287),
(10, 'G1-216', 124, 287),
(10, 'G1-215', 43, 287),
(11, 'G1-2101', 357, 280),
(11, 'G1-2102', 296, 280),
(11, 'G1-2103', 231, 280),
(11, 'G1-2104', 171, 280),
(11, 'G1-2105', 110, 280),
(11, 'G1-2106', 50, 280),
(12, 'G1-301', 586, 284),
(12, 'G1-302', 467, 284),
(12, 'G1-303', 353, 284),
(12, 'G1-305', 250, 374),
(12, 'G1-306', 202, 374),
(12, 'G1-307', 156, 374),
(12, 'G1-308', 111, 374),
(12, 'G1-309', 59, 374),
(12, 'G1-310', 16, 374),
(12, 'G1-326', 41, 114),
(12, 'G1-327', 205, 114),
(12, 'G1-328', 327, 114),
(12, 'G1-329', 461, 114),
(12, 'G1-330', 587, 114),
(13, 'G1-001', 76, 345),
(13, 'G1-002', 76, 264),
(13, 'G1-003', 76, 215),
(13, 'G1-004', 44, 134),
(13, 'G1-005', 98, 70),
(13, 'G1-006', 98, 44),
(13, 'G1-007', 52, 71),
(13, 'G1-008', 34, 44),
(13, 'G1-009', 34, 21),
(13, 'G1-027', 187, 54),
(13, 'G1-028', 187, 129),
(13, 'G1-029', 187, 199),
(13, 'G1-030', 187, 273),
(13, 'G1-031', 187, 344),
(14, 'G1-401', 553, 340),
(14, 'G1-402', 489, 340),
(14, 'G1-403', 430, 340),
(14, 'G1-404', 364, 340),
(14, 'G1-405', 298, 340),
(14, 'G1-406', 231, 340),
(14, 'G1-407', 159, 340),
(14, 'G1-408', 89, 340),
(14, 'G1-409', 95, 240),
(14, 'G1-410', 63, 207),
(14, 'G1-411', 80, 80),
(14, 'G1-412', 290, 100),
(14, 'G1-413', 480, 100),
(14, 'G1-414', 375, 220),
(15, 'G1-101', 70, 336),
(15, 'G1-102', 70, 262),
(15, 'G1-103', 70, 213),
(15, 'G1-104', 44, 126),
(15, 'G1-105', 30, 46),
(15, 'G1-124', 187, 62),
(15, 'G1-125', 187, 200 ),
(15, 'G1-126', 187, 270),
(15, 'G1-127', 187, 340),
(16, 'G2-1N-Ohm', 725, 75),
(16, 'G2-1N-Amper', 270, 400),
(16, 'G2-1N-Pascal', 384, 394),
(16, 'G2-1N-Newton', 516, 391),
(17, 'G2-P3-Gama', 48, 168),
(17, 'G2-P4-Delta', 48, 343),
(17, 'G2-2N-Hertz', 730, 69),
(17, 'G2-2N-Farad', 266, 402),
(17, 'G2-2N-Weber', 374, 402),
(17, 'G2-2N-Tesla', 511, 402),
(18, 'G2-3N-Henry', 262, 401),
(18, 'G2-3N-Becquerel', 373, 401),
(18, 'G2-3N-Lumen', 507, 401),
(21, 'G2-P01', 486, 78),
(21, 'G2-P02', 339, 78),
(21, 'G2-P03', 234, 78),
(21, 'G2-P04', 505, 398 ),
(21, 'G2-P05', 375, 398),
(21, 'G2-P06', 265, 398),
(21, 'G2-P1-Alfa', 46, 185),
(21, 'G2-P2-Beta', 35, 354);
